"","Kingdom","Phylum","Class","Order","Family","Genus","Species","asvs","finestID","uniqueID"
"TACGAAGGGGGCTAGCGTTGCTCGGAATCACTGGGCGTAAAGGGCGCGTAGGCGGCCGATTAAGTCGGGGGTGAAAGCCTGTGGCTCAACCACAGAATTGCCTTCGATACTGGTTGGCTTGAGACCGGAAGAGGACAGCGGAACTGCGAGTGTAGAGGTGAAATTCGTAGATATTCGCAAGAACACCAGTGGCGAAGGCGGCTGTCTGGTCCGGTTCTGACGCTGAGGCGCGAAAGCGTGGGGAGCAAACAGG","Bacteria","Proteobacteria","Alphaproteobacteria","Rhizobiales","Beijerinckiaceae","Methylobacterium-Methylorubrum",NA,"ASV_3","Methylobacterium-Methylorubrum sp.","Methylobacterium-Methylorubrum sp."
"TACGAAGGGGGCTAGCGTTGCTCGGAATCACTGGGCGTAAAGGGCGCGTAGGCGGCGTTTTAAGTCGGGGGTGAAAGCCTGTGGCTCAACCACAGAATGGCCTTCGATACTGGGACGCTTGAGTATGGTAGAGGTTGGTGGAACTGCGAGTGTAGAGGTGAAATTCGTAGATATTCGCAAGAACACCGGTGGCGAAGGCGGCCAACTGGACCATTACTGACGCTGAGGCGCGAAAGCGTGGGGAGCAAACAGG","Bacteria","Proteobacteria","Alphaproteobacteria","Rhizobiales","Beijerinckiaceae","Methylobacterium-Methylorubrum",NA,"ASV_5","Methylobacterium-Methylorubrum sp.","Methylobacterium-Methylorubrum sp..1"
"TACGGAGGGAGCTAGCGTTGTTCGGAATTACTGGGCGTAAAGCGCACGTAGGCGGCTTTGTAAGTTAGAGGTGAAAGCCTGGAGCTCAACTCCAGAATTGCCTTTGATACTGCATGGCTTGAATCCAGGAGAGGTGAGTGGAATTCCGAGTGTAGAGGTGAAATTCGTAGATATTCGGAAGAACACCAGTGGCGAAGGCGGCTCACTGGACTGGTATTGACGCTGAGGTGCGAAAGCGTGGGGAGCAAACAGG","Bacteria","Proteobacteria","Alphaproteobacteria","Sphingomonadales","Sphingomonadaceae","Sphingomonas","cynarae","ASV_6","Sphingomonas cynarae","Sphingomonas cynarae"
"TACGAAGGGGGCTAGCGTTGTTCGGAATTACTGGGCGTAAAGCGCACGTAGGCGGATATTTAAGTCAGGGGTGAAATCCCGGGGCTCAACCCCGGAACGGCCTTTGATACTGGATGTCTTGAGTCCGGAAGAGGTGAGTGGAATTGCGAGTGTAGAGGTGAAATTCGTAGATATTCGCAGGAACACCAGTGGCGAAGGCGGCTCACTGGTCCGGAACTGACGCTGAGGTGCGAAAGCGTGGGGAGCAAACAGG","Bacteria","Proteobacteria","Alphaproteobacteria","Rhizobiales","Rhizobiaceae","Aureimonas",NA,"ASV_7","Aureimonas sp.","Aureimonas sp."
"TACGGAGGGTGCAAGCGTTAATCGGAATTACTGGGCGTAAAGCGCACGCAGGCGGTTTGTTAAGTCAGATGTGAAATCCCCGGGCTCAACCTGGGAACTGCATCTGATACTGGCAAGCTTGAGTCTCGTAGAGGGGGGTAGAATTCCAGGTGTAGCGGTGAAATGCGTAGAGATCTGGAGGAATACCGGTGGCGAAGGCGGCCCCCTGGACGAAGACTGACGCTCAGGTGCGAAAGCGTGGGGAGCAAACAGG","Bacteria","Proteobacteria","Gammaproteobacteria","Enterobacterales","Enterobacteriaceae","Escherichia-Shigella",NA,"ASV_8","Escherichia-Shigella sp.","Escherichia-Shigella sp."
"TACGTAGGGTGCAAGCGTTGTCCGGAATTATTGGGCGTAAAGAGCTCGTAGGCGGTTTGTCGCGTCTGCTGTGAAAACGCGGGGCTCAACTCCGCGCCTGCAGTGGGTACGGGCAGACTAGAGTGCAGTAGGGGAGACTGGAATTCCTGGTGTAGCGGTGGAATGCGCAGATATCAGGAGGAACACCGGTGGCGAAGGCGGGTCTCTGGGCTGTAACTGACGCTGAGGAGCGAAAGCGTGGGTAGCGAACAGG","Bacteria","Actinobacteriota","Actinobacteria","Kineosporiales","Kineosporiaceae","Quadrisphaera","granulorum","ASV_10","Quadrisphaera granulorum","Quadrisphaera granulorum"
"TACGAAGGGGGCTAGCGTTGTTCGGAATTACTGGGCGTAAAGCGCACGTAGGCGGACATTTAAGTCAGGGGTGAAATCCCGGGGCTCAACCCCGGAACGGCCTTTGATACTGGGTGTCTTGAGTTCGGAAGAGGTGAGTGGAATTGCGAGTGTAGAGGTGAAATTCGTAGATATTCGCAGGAACACCAGTGGCGAAGGCGGCTCACTGGTCCGATACTGACGCTGAGGTGCGAAAGCGTGGGGAGCAAACAGG","Bacteria","Proteobacteria","Alphaproteobacteria","Rhizobiales","Rhizobiaceae","Aureimonas",NA,"ASV_12","Aureimonas sp.","Aureimonas sp..1"
"TACGTAGGGTGCAAGCGTTGTCCGGAATTATTGGGCGTAAAGAGCTCGTAGGCGGTTTGTCGCGTCGGCTGTGAAAGCCCGGAGCTCAACTCCGGGTCTGCAGTCGATACGGGCAGACTTGAGTGTTGCAGGGGAGACTGGAATTCCTGGTGTAGCGGTGAAATGCGCAGATATCAGGAGGAACACCGGTGGCGAAGGCGGGTCTCTGGGCAACAACTGACGCTGAGGAGCGAAAGCGTGGGGAGCGAACAGG","Bacteria","Actinobacteriota","Actinobacteria","Frankiales","Geodermatophilaceae","Klenkia",NA,"ASV_14","Klenkia sp.","Klenkia sp."
"TACGTAGGGTGCAAGCGTTGTCCGGAATTATTGGGCGTAAAGAGCTCGTAGGCGGCTCGTCGCGTCTGCTGTGAAAGCCCGGGGCTTAACCCCGGGTCTGCAGTGGGTACGGGCGGGCTAGAGTGCGGTAGGGGAGACTGGAATTCCTGGTGTAGCGGTGAAATGCGCAGATATCAGGAGGAACACCGGTGGCGAAGGCGGGTCTCTGGGCCGTAACTGACGCTGAGGAGCGAAAGCATGGGTAGCGAACAGG","Bacteria","Actinobacteriota","Actinobacteria","Kineosporiales","Kineosporiaceae","Pseudokineococcus","lusitanus","ASV_17","Pseudokineococcus lusitanus","Pseudokineococcus lusitanus"
"TACGAAGGGGGCTAGCGTTGCTCGGAATCACTGGGCGTAAAGGGCGCGTAGGCGGCGTTTTAAGTCGGGGGTGAAAGCCTGTGGCTCAACCACAGAATGGCCTTCGATACTGGGACGCTTGAGTATGGTAGAGGTTGGTGGAACTGCGAGTGTAGAGGTGAAATTCGTAGATATTCGCAAGAACACCGGTGGCGAAGGCGGCCAACTGGACCATCACTGACGCTGAGGCGCGAAAGCGTGGGGAGCAAACAGG","Bacteria","Proteobacteria","Alphaproteobacteria","Rhizobiales","Beijerinckiaceae","Methylobacterium-Methylorubrum",NA,"ASV_18","Methylobacterium-Methylorubrum sp.","Methylobacterium-Methylorubrum sp..2"
"TACGAAGGGGGCTAGCGTTGTTCGGAATTACTGGGCGTAAAGCGCACGTAGGCGGACATTTAAGTCAGGGGTGAAATCCCGGGGCTCAACCCCGGAACTGCCTTTGATACTGGGTGTCTTGAGTCCGGAAGAGGTGAGTGGAATTGCGAGTGTAGAGGTGAAATTCGTAGATATTCGCAGGAACACCAGTGGCGAAGGCGGCTCACTGGTCCGGTACTGACGCTGAGGTGCGAAAGCGTGGGGAGCAAACAGG","Bacteria","Proteobacteria","Alphaproteobacteria","Rhizobiales","Rhizobiaceae","Aureimonas","populi","ASV_19","Aureimonas populi","Aureimonas populi"
"TACGGAGGGGGCTAGCGTTGTTCGGAATTACTGGGCGTAAAGCGCACGTAGGCGGCTTTGTAAGTTAGAGGTGAAAGCCTGGAGCTCAACTCCAGAACTGCCTTTAAGACTGCATCGCTTGAATCCAGGAGAGGTGAGTGGAATTCCGAGTGTAGAGGTGAAATTCGTAGATATTCGGAAGAACACCAGTGGCGAAGGCGGCTCACTGGACTGGTATTGACGCTGAGGTGCGAAAGCGTGGGGAGCAAACAGG","Bacteria","Proteobacteria","Alphaproteobacteria","Sphingomonadales","Sphingomonadaceae","Sphingomonas",NA,"ASV_20","Sphingomonas sp.","Sphingomonas sp."
"TACGAAGGGGGCTAGCGTTGCTCGGAATCACTGGGCGTAAAGGGCGCGTAGGCGGCTGATTTAGTCGAGGGTGAAAGCCCGTGGCTCAACCACGGAATGGCCTTCGATACTGGTTGGCTTGAGACCGGAAGAGGACAGCGGAACTGCGAGTGTAGAGGTGAAATTCGTAGATATTCGCAAGAACACCAGTGGCGAAGGCGGCTGTCTGGTCCGGTTCTGACGCTGAGGCGCGAAAGCGTGGGGAGCAAACAGG","Bacteria","Proteobacteria","Alphaproteobacteria","Rhizobiales","Beijerinckiaceae","Methylobacterium-Methylorubrum",NA,"ASV_23","Methylobacterium-Methylorubrum sp.","Methylobacterium-Methylorubrum sp..3"
"TACGAAGGGGGCTAGCGTTGCTCGGAATCACTGGGCGTAAAGGGCGCGTAGGCGGCCATTCAAGTCGGGGGTGAAAGCCTGTGGCTCAACCACAGAATTGCCTTCGATACTGTTTGGCTTGAGTCTGGTAGAGGTTGGTGGAACTGCGAGTGTAGAGGTGAAATTCGTAGATATTCGCAAGAACACCGGTGGCGAAGGCGGCCAACTGGACCAGAACTGACGCTGAGGCGCGAAAGCGTGGGGAGCAAACAGG","Bacteria","Proteobacteria","Alphaproteobacteria","Rhizobiales","Beijerinckiaceae","Methylobacterium-Methylorubrum",NA,"ASV_28","Methylobacterium-Methylorubrum sp.","Methylobacterium-Methylorubrum sp..4"
"TACGAAGGGGGCTAGCGTTGTTCGGAATTACTGGGCGTAAAGCGCACGTAGGCGGATATTTAAGTCAGGGGTGAAATCCCGGGGCTCAACCCCGGAACTGCCTTTGATACTGGGTATCTTGAGTGTGGTAGAGGTGAGTGGAATTGCGAGTGTAGAGGTGAAATTCGTAGATATTCGCAGGAACACCAGTGGCGAAGGCGGCTCACTGGACCACAACTGACGCTGAGGTGCGAAAGCGTGGGGAGCAAACAGG","Bacteria","Proteobacteria","Alphaproteobacteria","Rhizobiales","Rhizobiaceae","Aurantimonas",NA,"ASV_30","Aurantimonas sp.","Aurantimonas sp."
"TACGAAGGGGGCTAGCGTTGCTCGGAATCACTGGGCGTAAAGGGCGCGTAGGCGGCGTTTTAAGTCGGGGGTGAAAGCCTGTGGCTCAACCACAGAATGGCCTTCGATACTGGGACGCTTGAGTATGGTAGAGGTTGGTGGAACTGCGAGTGTAGAGGTGAAATTCGTAGATATTCGCAAGAACACCGGTGGCGAAGGCGGCCAACTGGGCCATTACTGACGCTGAGGCGCGAAAGCGTGGGGAGCAAACAGG","Bacteria","Proteobacteria","Alphaproteobacteria","Rhizobiales","Beijerinckiaceae","Methylobacterium-Methylorubrum",NA,"ASV_39","Methylobacterium-Methylorubrum sp.","Methylobacterium-Methylorubrum sp..5"
"TACGAAGGGGGCTAGCGTTGCTCGGAATCACTGGGCGTAAAGGGCGCGTAGGCGGTCGATTAAGTCGGGGGTGAAAGCCTGTGGCTCAACCACAGAATTGCCTTCGATACTGGTTGGCTTGAGACCGGAAGAGGACAGCGGAACTGCGAGTGTAGAGGTGAAATTCGTAGATATTCGCAAGAACACCAGTGGCGAAGGCGGCTGTCTGGTCCGGTTCTGACGCTGAGGCGCGAAAGCGTGGGGAGCAAACAGG","Bacteria","Proteobacteria","Alphaproteobacteria","Rhizobiales","Beijerinckiaceae","Methylobacterium-Methylorubrum",NA,"ASV_40","Methylobacterium-Methylorubrum sp.","Methylobacterium-Methylorubrum sp..6"
"TACGAAGGGGGCTAGCGTTGCTCGGAATCACTGGGCGTAAAGGGCGCGTAGGCGGCCATTCAAGTCGGGGGTGAAAGCCTGTGGCTCAACCACAGAATTGCCTTCGATACTGTTTGGCTTGAGTTTGGTAGAGGTTGGTGGAACTGCGAGTGTAGAGGTGAAATTCGTAGATATTCGCAAGAACACCAGTGGCGAAGGCGGCCAACTGGACCAACACTGACGCTGAGGCGCGAAAGCGTGGGGAGCAAACAGG","Bacteria","Proteobacteria","Alphaproteobacteria","Rhizobiales","Beijerinckiaceae","Methylobacterium-Methylorubrum",NA,"ASV_43","Methylobacterium-Methylorubrum sp.","Methylobacterium-Methylorubrum sp..7"
"TACGGAGGGAGCTAGCGTTATTCGGAATTACTGGGCGTAAAGCGCACGTAGGCGGCTTTGTAAGTTAGAGGTGAAAGCCTGGAGCTCAACTCCAGAATTGCCTTTAAGACTGCATCGCTCGAATCCAGGAGAGGTGAGTGGAATTCCGAGTGTAGAGGTGAAATTCGTAGATATTCGGAAGAACACCAGTGGCGAAGGCGGCTCACTGGACTGGTATTGACGCTGAGGTGCGAAAGCGTGGGGAGCAAACAGG","Bacteria","Proteobacteria","Alphaproteobacteria","Sphingomonadales","Sphingomonadaceae","Sphingomonas","mucosissima","ASV_48","Sphingomonas mucosissima","Sphingomonas mucosissima"
"GACGAGGGGTCCAAGCGTTGTTCGGAATTATTGGGCGTAAAGCGGGTGTAGGTGGCTCTCTAAGTCAGAAGTGAAAGCCCCAGGCTTAACCTGGGAAGTGCTTTTGATACTGGAGAGCTTGAATGTGGGAGAGGATCGTGGAATTCCAGGTGTAGTGGTGAAATACGTAGATATCTGGAGGAACACCGGTGGCGAAGGCGGCGATCTGGCCCAACATTGACACTGAGACCCGAAAGCGTGGGGATCAAACAGG","Bacteria","Bdellovibrionota","Bdellovibrionia","Bdellovibrionales","Bdellovibrionaceae","Bdellovibrio",NA,"ASV_55","Bdellovibrio sp.","Bdellovibrio sp."
"TACGAAGGGGGCTAGCGTTGCTCGGAATCACTGGGCGTAAAGGGCGCGTAGGCGGCCATTTAAGTTGGGGGTGAAAGCCTGTGGCTCAACCACAGAATTGCCTTCGATACTGGATGGCTTGAGTATGGTAGAGGTTGGTGGAACTGCGAGTGTAGAGGTGAAATTCGTAGATATTCGCAAGAACACCGGTGGCGAAGGCGGCCAACTGGACCATTACTGACGCTGAGGCGCGAAAGCGTGGGGAGCAAACAGG","Bacteria","Proteobacteria","Alphaproteobacteria","Rhizobiales","Beijerinckiaceae","Methylobacterium-Methylorubrum",NA,"ASV_57","Methylobacterium-Methylorubrum sp.","Methylobacterium-Methylorubrum sp..8"
"TACGTAGGGTGCAAGCGTTGTCCGGAATTATTGGGCGTAAGGAGCTCGTAGGCGGTTTGTCGCGTCTGCTGTGAAAACGCGGGGCTCAACTCCGCGCCTGCAGTGGGTACGGGCAGACTAGAGTGCAGTAGGGGAGACTGGAATTCCTGGTGTAGCGGTGGAATGCGCAGATATCAGGAGGAACACCGGTGGCGAAGGCGGGTCTCTGGGCTGTAACTGACGCTGAGGAGCGAAAGCGTGGGTAGCGAACAGG","Bacteria","Actinobacteriota","Actinobacteria","Kineosporiales","Kineosporiaceae","Quadrisphaera",NA,"ASV_59","Quadrisphaera sp.","Quadrisphaera sp."
"TACGGAGGGTGCGAGCGTTGTCCGGATTTATTGGGTTTAAAGGGTGCGTAGGCGGCCCGTTAAGTCCGGGGTGAAAGCCCGTTGCTCAACAACGGAACTGCCCTGGATACTGACGGGCTTGAGTACAGACGAGGTTGGCGGAATGGACCGAGTAGCGGTGAAATGCATAGATACGGTCCAGAACCCCGATTGCGAAGGCAGCTGACTAGGCTGTTACTGACGCTGAGGCACGACAGCGTGGGGAGCGAACAGG","Bacteria","Bacteroidota","Bacteroidia","Cytophagales","Hymenobacteraceae","Hymenobacter","rivuli","ASV_60","Hymenobacter rivuli","Hymenobacter rivuli"
"TACGAAGGGGGCTAGCGTTGCTCGGAATCACTGGGTGTAAAGGGCGCGTAGGCGGCCGATTAAGTCGGGGGTGAAAGCCTGTGGCTCAACCACAGAATTGCCTTCGATACTGGTTGGCTTGAGACCGGAAGAGGACAGCGGAACTGCGAGTGCAGAGGTGAAATTCGTAGATATTCGCAAGAACACCAGTGGCGAAGGCGGCTGTCTGGTCCGGTTCTGACGCTGAGGCGCGAAAGCGTGGGGAGCAAACAGG","Bacteria","Proteobacteria","Alphaproteobacteria","Rhizobiales","Beijerinckiaceae","Methylobacterium-Methylorubrum",NA,"ASV_62","Methylobacterium-Methylorubrum sp.","Methylobacterium-Methylorubrum sp..9"
"TACGAAGGGGGCTAGCGTTGTTCGGAATTACTGGGCGTAAAGCGCACGTAGGCGGACATTTAAGTCAGGGGTGAAATCCCGGGGCTCAACCCCGGAACTGCCTTTGATACTGGGTGTCTTGAGTGTGGTAGAGGTGAGTGGAATTGCGAGTGTAGAGGTGAAATTCGTAGATATTCGCAGGAACACCAGTGGCGAAGGCGGCTCACTGGACCACAACTGACGCTGAGGTGCGAAAGCGTGGGGAGCAAACAGG","Bacteria","Proteobacteria","Alphaproteobacteria","Rhizobiales","Rhizobiaceae","Aurantimonas",NA,"ASV_67","Aurantimonas sp.","Aurantimonas sp..1"
"TACGAAGGGGGCTAGCGTTGCTCGGAATCACTGGGCGTAAAGGGCGCGTAGGCGGCCGATTAAGTCGGGGGTGAAAGCCTGTGGCTCAACCACAGAATTGCCTTCGATACTGGTTGGCTTGAGACCGGAAGAGGACAGCGGAACTGCGAGTGTAGAGGTGAAATTCGTAGATATTCGCAAGAACACCAGTGGCGAAGGCGGCCGTCTGGTCCGGTTCTGACGCTGAGGCGCGAAAGCGTGGGGAGCAAACAGG","Bacteria","Proteobacteria","Alphaproteobacteria","Rhizobiales","Beijerinckiaceae","Methylobacterium-Methylorubrum",NA,"ASV_94","Methylobacterium-Methylorubrum sp.","Methylobacterium-Methylorubrum sp..10"
"TACGGAGGGGGCTAGCGTTGTTCGGAATTACTGGGCGTAAAGCGCACGTAGGCGGCTTTGTAAGTTAGAGGTGAAAGCCTGGAGCTCAACTCCAGAACTGCCTTTAAGACTGCATCGCTTGAATCTAGGAGAGGTGAGTGGAATTCCGAGTGTAGAGGTGAAATTCGTAGATATTCGGAAGAACACCAGTGGCGAAGGCGGCTCACTGGACTGGTATTGACGCTGAGGTGCGAAAGCGTGGGGAGCAAACAGG","Bacteria","Proteobacteria","Alphaproteobacteria","Sphingomonadales","Sphingomonadaceae","Sphingomonas",NA,"ASV_96","Sphingomonas sp.","Sphingomonas sp..1"
"TACGAAGGGGGCTAGCGTTGCTCGGAATCACTGGGCGTAAAGGGCGCGTAGGCGGCCGATTAAGTCGGGGGTGAAAGCCTGTGGCTCAACCACAGAATTGCCTTCGATACTGGCTGGCTTGAGACCGGAAGAGGACAGCGGAACTGCGAGTGTAGAGGTGAAATTCGTAGGTATTCGCAAGAACACCAGTGGCGAAGGCGGCTGTCTGGTCCGGTTCTGACGCTGAGGCGCGAAAGCGTGGGGAGCAAACAGG","Bacteria","Proteobacteria","Alphaproteobacteria","Rhizobiales","Beijerinckiaceae","Methylobacterium-Methylorubrum",NA,"ASV_97","Methylobacterium-Methylorubrum sp.","Methylobacterium-Methylorubrum sp..11"
"TACGGAGGGTGCGAGCGTTGTCCGGATTTATTGGGTTTAAAGGGTGCGTAGGCGGCCCGTTAAGTCCGGGGTGAAAGCCCGCTGCTCAACAGCGGAACTGCCCTGGATACTGACGGGCTTGAGTACAGACGAGGTTGGCGGAATGGACTGAGTAGCGGTGAAATGCATAGATACAGTCCAGAACCCCGATTGCGAAGGCAGCTGACTAGGCTGTTACTGACGCTGAGGCACGAAAGCGTGGGGAGCGAACAGG","Bacteria","Bacteroidota","Bacteroidia","Cytophagales","Hymenobacteraceae","Hymenobacter",NA,"ASV_98","Hymenobacter sp.","Hymenobacter sp."
"TACGGAGGGTGCAAGCGTTAATCGGAATTACTGGGCGTAAAGCGCACGCAGGCGGTTTGTTAAGTCAGATGTGAAATCCCCGGGCTCAACCTGGGAACTGCATCTGATACTGGCAAGCTTGAGTCTCGTAGAGGGGGGTAGAATTCCAGGTGTAGCGGTGAAATGCGTAGAGATCTGGAGGAATACCGGTGGCGAAGGCGGCCCCCTGGACGAAGACTGACGCTCAGGTGCGAAAGCGTGGGGGGCAAACAGG","Bacteria","Proteobacteria","Gammaproteobacteria","Enterobacterales","Enterobacteriaceae","Escherichia-Shigella",NA,"ASV_99","Escherichia-Shigella sp.","Escherichia-Shigella sp..1"
"TACGAAGGGGGCTAGCGTTGTTCGGAATTACTGGGCGTAAAGCGCACGTAGGCGGATATTTAAGTCAGGGGTGAAATTCCGGGGCTCAACCCCGGAACGGCCTTTGATACTGGATGTCTTGAGTCCGGAAGAGGTGAGTGGAATTGCGAGTGTAGAGGTGAAATTCGTAGATATTCGCAGGAACACCAGTGGCGAAGGCGGCTCACTGGTCCGGAACTGACGCTGAGGTGCGAAAGCGTGGGGAGCAAACAGG","Bacteria","Proteobacteria","Alphaproteobacteria","Rhizobiales","Rhizobiaceae","Aureimonas",NA,"ASV_111","Aureimonas sp.","Aureimonas sp..2"
"TACGAAGGGGGCTAGCGTTGCTCGGAATCACTGGGCGTAAAGGGCGCGTAGGCGGCCGATTAAGTCGGGGGTGAAAGCCTGTGGCTCAACCACAGAATTGCCTTCGATACTGGTTGGCTTGAGACCGGAAGAGGACAGCGGAACTGCGAGTGTAGAGGTGAAATTCGTAGATATTCGCAAGAACACCAGTGGCGAAGGCGACTGTCTGGTCCGGTTCTGACGCTGAGGCGCGAAAGCGTGGGGAGCAAACAGG","Bacteria","Proteobacteria","Alphaproteobacteria","Rhizobiales","Beijerinckiaceae","Methylobacterium-Methylorubrum",NA,"ASV_112","Methylobacterium-Methylorubrum sp.","Methylobacterium-Methylorubrum sp..12"
"TACGTAGGGTGCAAGCGTTGTCCGGAATTATTGGGCGTAAAGAGCTCGTAGGCGGTTTGTCGCGTCTGCTGTGAAAACTGGAGGCTCAACCTCCAGCCTGCAGTGGGTACGGGCAGACTAGAGTGCGGTAGGGGAGATTGGAATTCCTGGTGTAGCGGTGGAATGCGCAGATATCAGGAGGAACACCGATGGCGAAGGCAGATCTCTGGGCCGTAACTGACGCTGAGGAGCGAAAGCGTGGGGAGCGAACAGG","Bacteria","Actinobacteriota","Actinobacteria","Micrococcales","Microbacteriaceae","Herbiconiux",NA,"ASV_113","Herbiconiux sp.","Herbiconiux sp."
"CCCCCCCCCCCCCCCCCCCCCCCCCCCCCCCCCCCCCCCCCCCCCCCCCCCCTTTTTAATGATACGGCGACCACCGAGATCTACACTGACGACATGGTTCTACAGTGCCAGCCGCCGCGGTACTCGAGCCCCTCCACACCCTAACCCTAATTCCCACCACAAATCTCTTACGCTGCCAACCCCAGCGCCGCCTAAGGTTCCTCTGAAGCGCCTCACGTCGGAGGAGATGGCGGTACGTGGAGACCAAGTCTCTGCTACCGTAGTTCTTCGTAATCTCGTATGCCGTCTTCTGCTTGAAAAGGGGGGGGGGGGGGGGGGGGGGGGGGGGGGGGGGGGGGGGGGGG","Bacteria","Cyanobacteria","Cyanobacteriia","Cyanobacteriales","Desertifilaceae","Oscillatoria",NA,"ASV_118","Oscillatoria sp.","Oscillatoria sp."
"TACGTAGGGCGCAAGCGTTATCCGGAATTATTGGGCGTAAAGAGCTCGTAGGCGGTTTGTCGCGTCTGCTGTGAAATCCCGAGGCTCAACCTCGGGCCTGCAGTGGGTACGGGCAGACTAGAGTGCGGTAGGGGAGATTGGAATTCCTGGTGTAGCGGTGGAATGCGCAGATATCAGGAGGAACACCGATGGCGAAGGCAGATCTCTGGGCCGTAACTGACGCTGAGGAGCGAAAGGGTGGGGAGCAAACAGG","Bacteria","Actinobacteriota","Actinobacteria","Micrococcales","Microbacteriaceae","Microbacterium",NA,"ASV_119","Microbacterium sp.","Microbacterium sp."
"TACGAAGGGGGCTAGCGTTGCTCGGAATCACTGGGCGTAAGGGGCGCGTAGGCGGCCGATTAAGTCGGGGGTGAAAGCCTGTGGCTCAACCACAGAATTGCCTTCGATACTGGTTGGCTTGAGACCGGAAGAGGACAGCGGAACTGCGAGTGTAGAGGTGAAATTCGTAGATATTCGCAAGAACACCAGTGGCGAAGGCGGCTGTCTGGTCCGGTTCTGACGCTGAGGCGCGAAAGCGTGGGGAGCAAACAGG","Bacteria","Proteobacteria","Alphaproteobacteria","Rhizobiales","Beijerinckiaceae","Methylobacterium-Methylorubrum",NA,"ASV_120","Methylobacterium-Methylorubrum sp.","Methylobacterium-Methylorubrum sp..13"
"TACGGAGGGTGCGAGCGTTGTCCGGATTTATTGGGTTTAAAGGGTGCGTAGGCGGCCTTTTAAGTCCGGGGTGAAAGCCCGTTGCTCAACAACGGAACTGCCCTGGATACTGGAAGGCTTGAGTACAGACGAGGTTGGCGGAATGGACTGAGTAGCGGTGAAATGCATAGATACAGTCCAGAACCCCGATTGCGAAGGCAGCTGACTAGGCTGTTACTGACGCTGAGGCACGAAAGCGTGGGGAGCGAACAGG","Bacteria","Bacteroidota","Bacteroidia","Cytophagales","Hymenobacteraceae","Hymenobacter",NA,"ASV_121","Hymenobacter sp.","Hymenobacter sp..1"
"TACGAAGGGGGCTAGCGTTGTTCGGAATTACTGGGCGTAAAGCGCACGTAGGCGGACATTTAAGTCAGGGGTGAAATCCCGGGGCTCAACCCCGGAACGGCCTTTGATACTGGATGTCTTGAGTTCGGAAGAGGTGAGTGGAATTGCGAGTGTAGAGGTGAAATTCGTAGATATTCGCAGGAACACCAGTGGCGAAGGCGGCTCACTGGTCCGATACTGACGCTGAGGTGCGAAAGCGTGGGGAGCAAACAGG","Bacteria","Proteobacteria","Alphaproteobacteria","Rhizobiales","Rhizobiaceae","Aureimonas",NA,"ASV_138","Aureimonas sp.","Aureimonas sp..3"
"TACGGAGGGAGCTAGCGTTGTTCGGAATTACTGGGCGTAAAGCGCACGTAGGCGGCTTTGTAAGTTAGAGGTGAAAGCCTGGAGCTCAACTCCAGAACTGCCTTTGATACTGCATGGCTTGAATCCAGGAGAGGTGAGTGGAATTCCGAGTGTAGAGGTGAAATTCGTAGATATTCGGAAGAACACCAGTGGCGAAGGCGGCTCACTGGACTGGTATTGACGCTGAGGTGCGAAAGCGTGGGGAGCAAACAGG","Bacteria","Proteobacteria","Alphaproteobacteria","Sphingomonadales","Sphingomonadaceae","Sphingomonas",NA,"ASV_140","Sphingomonas sp.","Sphingomonas sp..2"
"TACGAAGGGGGCTAGCGTTGCTCGGAATCACTGGGCGTAAAGGGCGCGTAGGCGGCGTTTTAAGTCGGGGGTGAAAGCCTGTGGCTCAACCACAGAATGGCCTTTGATACTGGGACGCTTGAGTATGGTAGAGGTTGGTGGAACTGCGAGTGTAGAGGTGAAATTCGTAGATATTCGCAAGAACACCGGTGGCGAAGGCGGCCAACTGGACCATTACTGACGCTGAGGCGCGAAAGCGTGGGGAGCAAACAGG","Bacteria","Proteobacteria","Alphaproteobacteria","Rhizobiales","Beijerinckiaceae","Methylobacterium-Methylorubrum",NA,"ASV_143","Methylobacterium-Methylorubrum sp.","Methylobacterium-Methylorubrum sp..14"
"TACGAAGGGGGCTAGCGTTGCTCGGAATCACTGGGCGTAAAGGGCGCGTAGGCGGCCGATTAAGTCGGGGGTGAAAGCCTGTGGCTCAACCACAGAATTGCCTTCGATACTGGTTGGCTTGAGACCGGAAGAGGACAGCGGAACTGCGAGTGTAGAGGTGAAATTCGTAGATATTCGCAAGAACACCAGTGGCGAAGGCGGCTGTCTGGTCCGGTTCTGACGCAGAGGCGCGAAAGCGTGGGGAGCAAACAGG","Bacteria","Proteobacteria","Alphaproteobacteria","Rhizobiales","Beijerinckiaceae","Methylobacterium-Methylorubrum",NA,"ASV_144","Methylobacterium-Methylorubrum sp.","Methylobacterium-Methylorubrum sp..15"
"TACGAAGGGGGCTAGCGTTGTTCGGAATTACTGGGCGTAAAGCGCACGTAGGCGGACATTTAAGTCAGGGGTGAAATCCCGGGGCTCAACCCCGGAACGGCCTTTGATACTGGGTGTCTTGAGTTCGGAAGAGGTGAGTGGAATTGCGAGTGTAGAGGTGAAATTCGTAGATATTCGCAGGAACACTAGTGGCGAAGGCGGCTCACTGGTCCGATACTGACGCTGAGGTGCGAAAGCGTGGGGAGCAAACAGG","Bacteria","Proteobacteria","Alphaproteobacteria","Rhizobiales","Rhizobiaceae","Aureimonas",NA,"ASV_145","Aureimonas sp.","Aureimonas sp..4"
"TACGGAGGGTGCGAGCGTTGTCCGGATTTATTGGGTTTAAAGGGTGCGTAGGCGGCCTTATAAGTCCGGGGTGAAAGCCCGCTGCTCAACAGCGGAACTGCCCTGGATACTGTGAGGCTTGAGTACAGACGAGGTTGGCGGAATGGACCGAGTAGCGGTGAAATGCATAGATACGGTCCAGAACCCCGATTGCGAAGGCAGCTGACTAGGCTGTTACTGACGCTGAGGCACGAAAGCGTGGGGAGCGAACAGG","Bacteria","Bacteroidota","Bacteroidia","Cytophagales","Hymenobacteraceae","Hymenobacter",NA,"ASV_147","Hymenobacter sp.","Hymenobacter sp..2"
"TACGAAGGGGGCTAGCGTTGTTCGGAATTACTGGGCGTAAAGCGCACGTAGGCGGATTGTTAAGTGAGGGGTGAAATCCCAGGGCTCAACCCTGGAACTGCCTTTCATACTGGCAATCTAGAGTCCAGAAGAGGTGAGTGGAATTCCGAGTGTAGAGGTGAAATTCGTAGATATTCGGAGGAACACCAGTGGCGAAGGCGGCTCACTGGTCTGGAACTGACGCTGAGGTGCGAAAGCGTGGGGAGCAAACAGG","Bacteria","Proteobacteria","Alphaproteobacteria","Rhizobiales","Rhizobiaceae","Ensifer",NA,"ASV_148","Ensifer sp.","Ensifer sp."
"TACGAAGGGGGCTAGCGTTGCTCGGAATCACTGGGCGTAAAGGGCGCGTAGGCGGCCGATTAAGTCGGGGGTGAAAGCCTGTGGCTCAACCACAGAATTGCCTCCGATACTGGTTGGCTTGAGACCGGAAGAGGACAGCGGAACTGCGAGTGTAGAGGTGAAATTCGTAGATATTCGCAAGAACACCAGTGGCGAAGGCGGCTGTCTGGTCCGGTTCTGACGCTGAGGCGCGAAAGCGTGGGGAGCAAACAGG","Bacteria","Proteobacteria","Alphaproteobacteria","Rhizobiales","Beijerinckiaceae","Methylobacterium-Methylorubrum",NA,"ASV_149","Methylobacterium-Methylorubrum sp.","Methylobacterium-Methylorubrum sp..16"
"CCCCCCCCCCCCCCCCCCCCCCCCCCCCCCCCCCCCCCCCCCCCCCCCCCCCTTTTTAATGATACGGCGACCACCGAGATCTACACTGACGACATGGTTCTACAGTGCCAGCCGCCGCGGTACTCGAGCCCCTCCACACCCTAACCCTAATTCCCACCACAAATCTCTTACGCTGCCAACCCCAGCGCCGCCTAAGGTTCCTCTGAAGCGCCTCACGTCGGAGGAGATGGCGGTACGTAGACCAAGTCTCTGCTACCGTATTCGTTCCTGATCTCGTATGCCGTCTTCTGCTTGAAAAGGGGGGGGGGGGGGGGGGGGGGGGGGGGGGGGGGGGGGGGGGGGGG","Bacteria","Cyanobacteria","Cyanobacteriia","Cyanobacteriales","Desertifilaceae","Oscillatoria",NA,"ASV_152","Oscillatoria sp.","Oscillatoria sp..1"
"TACGTAGGGTGCGAGCGTTGTCCGGAATTATTGGGCGTAAAGGGCTCGTAGGCGGTTTGTCACGTCAGGAGTGAAAACTCGGGGCTCAACCCCGAGCCTGCTTCTGATACGGGCTGACTAGAGGTATGCAGGGGAGAACGGAATTCCTGGTGTAGCGGTGAAATGCGCAGATATCAGGAGGAACACCGGTGGCGAAGGCGGTTCTCTGGGCATTACCTGACGCTGAGGAGCGAAAGTGTGGGGAGCGAACAGG","Bacteria","Actinobacteriota","Actinobacteria","Propionibacteriales","Nocardioidaceae","Marmoricola",NA,"ASV_157","Marmoricola sp.","Marmoricola sp."
"TACGAAGGGGGCTAGCGTTGCTCGGAATCACTGGGCGTAAAGGGCGCGTAGGCGGCCGATTAAGTCGGGGGTGAAAGCCTGTGGCTCAACCACAGAATTGCCTTCGATACTGGTTGGCTTGAGACCGGAAGAGGACAGCGGAACTGCGAGTGTAGAGGTGAAATTCGTAGATATTCACAAGAACACCAGTGGCGAAGGCGGCTGTCTGGTCCGGTTCTGACGCTGAGGCGCGAAAGCGTGGGGAGCAAACAGG","Bacteria","Proteobacteria","Alphaproteobacteria","Rhizobiales","Beijerinckiaceae","Methylobacterium-Methylorubrum",NA,"ASV_159","Methylobacterium-Methylorubrum sp.","Methylobacterium-Methylorubrum sp..17"
"TACGAAGGGGGCTAGCGTTGCTCGGAATCACTGGGCGTAAAGGGCGCGTAGGCGGCCGATTAAGTCGGGGGTGAAAGCCTGTGGCTCAACCACAGAGTTGCCTTCGATACTGGTTGGCTTGAGACCGGAAGAGGACAGCGGAACTGCGAGTGTAGAGGTGAAATTCGTAGATATTCGCAAGAACACCAGTGGCGAAGGCGGCTGTCTGGTCCGGTTCTGACGCTGAGGCGCGAAAGCGTGGGGAGCAAACAGG","Bacteria","Proteobacteria","Alphaproteobacteria","Rhizobiales","Beijerinckiaceae","Methylobacterium-Methylorubrum",NA,"ASV_160","Methylobacterium-Methylorubrum sp.","Methylobacterium-Methylorubrum sp..18"
"TACGGAGGGTGCGAGCGTTGTCCGGATTTATTGGGTTTAAAGGGTGCGTAGGCGGCCTGATAAGTCCGGGGTGAAAGCCCGCTGCTCAACAGCGGAACTGCCCTGGATACTGTGAGGCTTGAGTACAGACGAGGTTGGCGGAATGGACCGAGTAGCGGTGAAATGCATAGATACGGTCCAGAACCCCGATTGCGAAGGCAGCTGACTAGGCTGTTACTGACGCTGAGGCACGAAAGCGTGGGGAGCGAACAGG","Bacteria","Bacteroidota","Bacteroidia","Cytophagales","Hymenobacteraceae","Hymenobacter",NA,"ASV_163","Hymenobacter sp.","Hymenobacter sp..3"
"TACGGAGGGGGCCAGCGTTGTTCGGAATTACTGGGCGTAAAGCGCACGTAGGCGGCTTTGTAAGTTAGAGGTGAAAGCCTGGAGCTCAACTCCAGAACTGCCTTTAAGACTGCATCGCTTGAATCCAGGAGAGGTGAGTGGAATTCCGAGTGTAGAGGTGAAATTCGTAGATATTCGGAAGAACACCAGTGGCGAAGGCGGCTCACTGGACTGGTATTGACGCTGAGGTGCGAAAGCGTGGGGAGCAAACAGG","Bacteria","Proteobacteria","Alphaproteobacteria","Sphingomonadales","Sphingomonadaceae","Sphingomonas",NA,"ASV_168","Sphingomonas sp.","Sphingomonas sp..3"
"CCCCCCCCCCCCCCCCCCCCCCCCCCCCCCCCCCCCCCCCCCCCCCCCCCCCTTTTTAATGATACGGCGACCACCGAGATCTACACTGACGACATGGTTCTACAGTGCCAGCCGCCGCGGTACTCGAGCCCCTCCACACCCTAACCCTAATTCCCACCACAAATCTCTTACGCTGCCAACCCCAGCGCCGCCTAAGGTTCCTCTGAAGCGCCTCACGTCGGAGGAGATGGCGGTACGTAGAGACCAAGTCTCTGCTACCGTATTACGCAGTGATCTCGTATGCCGTCTTCTGCTTGAAAAGGGGGGGGGGGGGGGGGGGGGGGGGGGGGGGGGGGGGGGGGGGG","Bacteria","Cyanobacteria","Cyanobacteriia","Cyanobacteriales","Desertifilaceae","Oscillatoria",NA,"ASV_169","Oscillatoria sp.","Oscillatoria sp..2"
"TACGAAGGGGGCTAGCGTTGCTCGGAATCACTGGGCGTAAAGGGCGCGTAGGCGGCCGATTAAGTCGGGGGTGAAAGCCTGTGGCTCAACCACAGAATTGCCTTCGATACTGGTTGGCTTGAGACCGGAAGAGGGCAGCGGAACCGCGAGTGTAGAGGTGAAATTCGTAGATATTCGCAAGAACACCAGTGGCGAAGGCGGCTGTCTGGTCCGGTTCTGACGCTGAGGCGCGAAAGCGTGGGGAGCAAACAGG","Bacteria","Proteobacteria","Alphaproteobacteria","Rhizobiales","Beijerinckiaceae","Methylobacterium-Methylorubrum",NA,"ASV_172","Methylobacterium-Methylorubrum sp.","Methylobacterium-Methylorubrum sp..19"
"TACGAAGGGGGCTAGCGTTGCTCGGAATCACTGGGCGTAAAGGGCGCGTAGGCGGCCGATTAAGTCGGGGGTGAAAGCCTGTGGCTCAACCACAGAATTGCCTTCGATACTGGTTGGCTTGAGACCGGAAGAGGACAGCGGGACTGCGAGTGTAGAGGTGAAATTCGTAGATATTCGCAAGAACACCAGTGGCGAAGGCGGCTGTCTGGTCCGGTTCTGACGCAGAGGCGCGAAAGCGTGGGGAGCAAACAGG","Bacteria","Proteobacteria","Alphaproteobacteria","Rhizobiales","Beijerinckiaceae","Methylobacterium-Methylorubrum",NA,"ASV_173","Methylobacterium-Methylorubrum sp.","Methylobacterium-Methylorubrum sp..20"
"CCCCCCCCCCCCCCCCCCCCCCCCCCCCCCCCCCCCCCCCCCCCCCCCCCCCTTTTTAATGATACGGCGACCACCGAGATCTACACTGACGACATGGTTCTACAGTGTCAGCCGCCGCGGTACTCGAGCCCCTCCACACCCTAACCCTAATTCCCACCACAAATCTCTTACGCTGCCAACCCCAGCGCCGCCTAAGGTTCCTCTGAAGCGCCTCACGTCGGAGGAGATGGCGGTACGTAAAGACCAAGTCTCTGCTACCGTATTGTCCTTGCATCGCGTATGCCGTCTTCTGCTTGAAAAGGGGGGGGGGGGGGGGGGGGGGGGGGGGGGGGGGGGGGGGGGGG","Bacteria","Cyanobacteria","Cyanobacteriia","Cyanobacteriales","Desertifilaceae","Oscillatoria",NA,"ASV_175","Oscillatoria sp.","Oscillatoria sp..3"
"TACGGAGGGGGCTAGCGTTGTTCGGAATTACTGGGCGTAAAGCGCACGTAGGCGGCTTTGTAAGTTAGAGGTGAAAGCCCGGGGCTCAACCCCGGAATTGCCTTTGATACTGCATGGCTTGAATCCAGGAGAGGTGAGTGGAATTCCGAGTGTAGAGGTGAAATTCGTAGATATTCGGAAGAACACCAGTGGCGAAGGCGGCTCACTGGACTGGTATTGACGCTGAGGTGCGAAAGCGTGGGGAGCAAACAGG","Bacteria","Proteobacteria","Alphaproteobacteria","Sphingomonadales","Sphingomonadaceae","Sphingomonas",NA,"ASV_176","Sphingomonas sp.","Sphingomonas sp..4"
"CCCCCCCCCCCCCCCCCCCCCCCCCCCCCCCCCCCCCCCCCCCCCCCCCCCCCCCCCCCCCCCCCCCCCCCTTTTTAATGATACGGCGACCACCGAGATCTACACTGACGACATGGTTCTACAGTGCCACCGGCAGCCATCCCCAATCCTAGAAAATCAAGAGTGGTGTGTTTAGGACCAAACATTGAGGAAGTTCCCATCATCAATTCCTTTAGTCCAGAACCACCATCTTCACATGGAAGACCAAGTCTCTGCTACCGTATGTCAGCTTAATCTCGTATGCCGTCTTCTGCTTGAAAAGGGGGGGGGGGGGGGGGGGGGGGGGGGGGGGGGGGGGGGGGGGGGGGGGGGGGGGGGGGGGGG","Bacteria","Cyanobacteria","Cyanobacteriia","Cyanobacteriales","Desertifilaceae","Oscillatoria",NA,"ASV_181","Oscillatoria sp.","Oscillatoria sp..4"
"TACGAAGGGGGCTAGCGTTGCTCGGAATCACTGGGCGTAAAGGGCGCGTAGGCGGCGTTTTAAGTCGGGGGTGAAAGCCTGTGGCTCAACCACAGAATGGCCTTCGATACTGGGACGCTCGAGTATGGTAGAGGTTGGTGGAACTGCGAGTGTAGAGGTGAAATTCGTAGATATTCGCAAGAACACCGGTGGCGAAGGCGGCCAACTGGACCATTACTGACGCTGAGGCGCGAAAGCGTGGGGAGCAAACAGG","Bacteria","Proteobacteria","Alphaproteobacteria","Rhizobiales","Beijerinckiaceae","Methylobacterium-Methylorubrum",NA,"ASV_183","Methylobacterium-Methylorubrum sp.","Methylobacterium-Methylorubrum sp..21"
"TACGGAGGGCGCGAGCGTTACCCGGATTTACTGGGCGTAAAGGGCGTGTAGGCGGCCTGGGGCGTCCCATGTGAAAGGCCACGGCTCAACCGTGGAGGAGCGTGGGATACGCTCAGGCTAGAGGGTGGGAGAGGGTGGTGGAATTCCCGGAGTAGCGGTGAAATGCGCAGATACCGGGAGGAACGCCGATGGCGAAGGCAGCCACCTGGTCCACTTCTGACGCTGAGGCGCGAAAGCGTGGGGAGCAAACCGG","Bacteria","Deinococcota","Deinococci","Thermales","Thermaceae","Thermus",NA,"ASV_187","Thermus sp.","Thermus sp."
"TACGAAGGGGGCTAGCGTTGCTCGGAATCACTGGGCGTAAAGGGCGCGTAGGCGGCCGATTAAGTCGGGGGTGAAAGCCTGCGGCTCAACCACAGAATTGCCTTCGATACTGGTTGGCTTGAGACCGGAAGAGGACAGCGGAACTGCGAGTGTAGAGGTGAAATTCGTAGATATTCGCAAGAACACCAGTGGCGAAGGCGGCTGTCTGGTCCGGTTCTGACGCTGAGGCGCGAAAGCGTGGGGAGCAAACAGG","Bacteria","Proteobacteria","Alphaproteobacteria","Rhizobiales","Beijerinckiaceae","Methylobacterium-Methylorubrum",NA,"ASV_188","Methylobacterium-Methylorubrum sp.","Methylobacterium-Methylorubrum sp..22"
"TACGAAGGGGGCTAGCGTTGCTCGGAATCACTGGGCGTAAAGGGCGCGTAGGCGGCGTTTTAAGTCGGGGGTGAAAGCCTGTGGCTCAACCACAGAACGGCCTTCGATACTGGGACGCCTGAGTATGGTAGAGGTTGGTGGAACTGCGAGTGTAGAGGTGAAATTCGTAGATATTCGCAAGAACACCGGTGGCGAAGGCGGCCAACTGGACCATTACTGACGCTGAGGCGCGAAAGCGTGGGGAGCAAACAGG","Bacteria","Proteobacteria","Alphaproteobacteria","Rhizobiales","Beijerinckiaceae","Methylobacterium-Methylorubrum",NA,"ASV_189","Methylobacterium-Methylorubrum sp.","Methylobacterium-Methylorubrum sp..23"
"TACGTAGGGTGCAAGCGTTGTCCGGAATTATTGGGCGTAAAGAGCTCGTAGGCGGTTTGTCGCGTCTGCTGTGAAAACGCGGGGCTCAACTCCGCGCCTGCAGTGGGTACGGGCAGACTAGAGTGCAGTAGGGGAGACTGGAATTCCTGGTGTAGCGGTGGAACGCGCAGATATCAGGAGGAACACCGGTGGCGAAGGCGGGTCTCTGGGCTGTAACTGACGCTGAGGAGCGAAAGCGTGGGTAGCGAACAGG","Bacteria","Actinobacteriota","Actinobacteria","Kineosporiales","Kineosporiaceae","Quadrisphaera",NA,"ASV_190","Quadrisphaera sp.","Quadrisphaera sp..1"
"TACGAAGGGGGCTAGCGTTGCTCGGAATCACTGGGCGTAAAGGGCGCGTAGGCGGCCGATTAAGTCGGGGGTGAAAGCCTGTGGCTCAACCACAGAATTGCCTTCGATACTGGTTGGCTTGAGACCGGAAGAGGACAGCGGAACTGCGAGTGTAGAGGTGAAATTCGTAGATATTCGCAAGAACACCAGTGGCGAAGGCGGCTGTCTGGCCCGGTTCTGACGCTGAGGCGCGAAAGCGTGGGGAGCAAACAGG","Bacteria","Proteobacteria","Alphaproteobacteria","Rhizobiales","Beijerinckiaceae","Methylobacterium-Methylorubrum",NA,"ASV_191","Methylobacterium-Methylorubrum sp.","Methylobacterium-Methylorubrum sp..24"
"TACAGAGGGTGCGAGCGTTAATCGGATTTACTGGGCGTAAAGCGCGCGTAGGTGGTTAATTAAGTCAAATGTGAAATCCCCGAGCTTAACTTGGGAATTGCATTCGATACTGGTTAGCTAGAGTATGGGAGAGGATGGTAGAATTCCAGGTGTAGCGGTGAAATGCGTAGAGATCTGGAGGAATACCGATGGCGAAGGCAGCCATCTGGCCTAATACTGACACTGAGGTGCGAAAGCATGGGGAGCAAACAGA","Bacteria","Proteobacteria","Gammaproteobacteria","Pseudomonadales","Moraxellaceae","Acinetobacter",NA,"ASV_195","Acinetobacter sp.","Acinetobacter sp."
"TACGAAGGGGGCTAGCGTTGCTCGGAATCACTGGGCGTAAAGGGCGCGTAGGCGGCCGATTAAGTCGGGGGTGAAAGCCTGTGGCTCAACCACAGAATTGCCTTCGATACTGGTTGGCTTGAGACCGGAAGAGGACAGCGGAACTGCGAGTGTAGAGGTGAAATTCGTAGATATTCGCAAGAACACCAGTGGCGAAGGCGGCTGTCTGGTCCGGTTCTGACGCCGAGGCGCGAAAGCGTGGGGAGCAAACAGG","Bacteria","Proteobacteria","Alphaproteobacteria","Rhizobiales","Beijerinckiaceae","Methylobacterium-Methylorubrum",NA,"ASV_197","Methylobacterium-Methylorubrum sp.","Methylobacterium-Methylorubrum sp..25"
"TACGAAGGGGACTAGCGTTGCTCGGAATCACTGGGCGTAAAGGGCGCGTAGGCGGCCGATTAAGTCGGGGGTGAAAGCCTGTGGCTCAACCACAGAATTGCCTTCGATACTGGTTGGCTTGAGACCGGAAGAGGACAGCGGAACTGCGAGTGTAGAGGTGAAATTCGTAGATATTCGCAAGAACACCAGTGGCGAAGGCGGCTGTCTGGTCCGGTTCTGACGCTGAGGCGCGAAAGCGTGGGGAGCAAACAGG","Bacteria","Proteobacteria","Alphaproteobacteria","Rhizobiales","Beijerinckiaceae","Methylobacterium-Methylorubrum",NA,"ASV_202","Methylobacterium-Methylorubrum sp.","Methylobacterium-Methylorubrum sp..26"
"CCCCCCCCCCCCCCCCCCCCCCCCCCCCCCCCCCCCCCCCCCCCCCCCCCCCTTTTTAATGATACGGCGACCACCGAGATCTACACTGACGACATGGTTCTACAGTGTCAGCCGCCGCGGTACTCGAGCCCCTCCACACCCTAACCCTAATTCCCACCACAAATCTCTTACGCTGCCAACCCCAGCGCCGCCTAAGGTTCCTCTGAAGCGCCTCACGTCGGAGGAGATGGCGGTACGTAGAGACCAAGTCTCTGCTACCGTAGTAGCCAGTAATCGCGTATGCCGTCTTCTGCTTGAAAAGGGGGGGGGGGGGGGGGGGGGGGGGGGGGGGGGGGGGGGGGGGG","Bacteria","Cyanobacteria","Cyanobacteriia","Cyanobacteriales","Desertifilaceae","Oscillatoria",NA,"ASV_204","Oscillatoria sp.","Oscillatoria sp..5"
"TACGAAGGGGGCTAGCGTTGCTCGGAATCACTGGGCGTAAAGGGCGCGTAGGCGGCCGATTAAGTCGGGGGTGAAAGCCTGTGGCTCAACCACAGAATTGCCTTCGATACTGGTTGGCTTGAGACCGGAAGAGGACAGCGGAACTGCGAGTGTAGAGGTGAAATTCGTAGATATTCGCAAGAACACCAGTGGCGAAGGCGGCTGTCTGGTCCGGTTCTGATGCTGAGGCGCGAAAGCGTGGGGAGCAAACAGG","Bacteria","Proteobacteria","Alphaproteobacteria","Rhizobiales","Beijerinckiaceae","Methylobacterium-Methylorubrum",NA,"ASV_207","Methylobacterium-Methylorubrum sp.","Methylobacterium-Methylorubrum sp..27"
"TACGAAGGGGGCTAGCGTTGCTCGGAATCACTGGGCGTAAAGGGCGCGTAGGCGGCCGATTAAGTCGGGGGTGAAAGCCTGTGGCTCAACCACAGAATTGCCTTCGATACTGGTTGGCTTGAGACCGGAAGAGGACAGCGGAACTGCGAGTGTAGAGGTGAAATTCGTAGATATTCGCAAGAACACCAGTGGCGAAGGCGGCTGTCTGGTCCGGCTCTGACGCTGAGGCGCGAAAGCGTGGGGAGCAAACAGG","Bacteria","Proteobacteria","Alphaproteobacteria","Rhizobiales","Beijerinckiaceae","Methylobacterium-Methylorubrum",NA,"ASV_211","Methylobacterium-Methylorubrum sp.","Methylobacterium-Methylorubrum sp..28"
"CCCCCCCCCCCCCCCCCCCCCCCCCCCCCCCCCCCCCCCCCCCCCCCCCCCCTTTTTAATGATACGGCGACCACCGAGATCTACACTGACGACATGGTTCTACAGTGTCAGCCGCCGCGGTACTCGAGCCCCTCCACACCCTAACCCTAATTCCCACCACAAATCTCTTACGCTGCCAACCCCAGCGCCGCCTAAGGTTCCTCTGAAGCGCCTCACGTCGGAGGAGATGGCGGTACGTAGAGACCAAGTCTCTGCTACCGTATAACTCTGCTATCGCGTATGCCGTCTTCTGCTTGAAAAGGGGGGGGGGGGGGGGGGGGGGGGGGGGGGGGGGGGGGGGGGGG","Bacteria","Cyanobacteria","Cyanobacteriia","Cyanobacteriales","Desertifilaceae","Oscillatoria",NA,"ASV_214","Oscillatoria sp.","Oscillatoria sp..6"
"TACGGAGGGGGCTAGCGTTGTTCGGAATTACTGGGCGTAAAGCGCACGTAGGCGGCTTTGTAAGTTAGAGGTGAAAGCCTGGAGCTCAACTCCAGAACTGCCTTTAAGACTGCATCGCTTGAATCCAGGAGAGGTGAGTGGAATTCCGAGTGTAGAGGTGAAATTCGTAGATATTCGGAAGAGCACCAGTGGCGAAGGCGGCTCACTGGACTGGTATTGACGCTGAGGTGCGAAAGCGTGGGGAGCAAACAGG","Bacteria","Proteobacteria","Alphaproteobacteria","Sphingomonadales","Sphingomonadaceae","Sphingomonas",NA,"ASV_217","Sphingomonas sp.","Sphingomonas sp..5"
"CCCCCCCCCCCCCCCCCCCCCCCCCCCCCCCCCCCCCCCCCCCCCCCCCCCCTTTTTAATGATACGGCGACCACCGAGATCTACACTGACGACATGGTTCTACAGTGTCAGCCGCCGCGGTACTCGAGCCCCTCCACACCCTAACCCTAATTCCCACCACAAATCTCTTACGCTGCCAACCCCAGCGCCGCCTAAGGTTCCTCTGAAGCGCCTCACGTCGGAGGAGATGGCGGTACGTAAAGACCAAGTCTCTGCTACCGTACGTAATGAGCATCGCGTATGCCGTCTTCTGCTTGAAAAGGGGGGGGGGGGGGGGGGGGGGGGGGGGGGGGGGGGGGGGGGGG","Bacteria","Cyanobacteria","Cyanobacteriia","Cyanobacteriales","Desertifilaceae","Oscillatoria",NA,"ASV_218","Oscillatoria sp.","Oscillatoria sp..7"
"TACAGAGGGTGCAAGCGTTAATCGGAATTACTGGGCGTAAAGCGCGCGTAGGTGGTTCGTTAAGTTGGATGTGAAATCCCCGGGCTCAACCTGGGAACTGCATTCAAAACTGACGAGCTAGAGTATGGTAGAGGGTGGTGGAATTTCCTGTGTAGCGGTGAAATGCGTAGATATAGGAAGGAACACCAGTGGCGAAGGCGACCACCTGGACTGATACTGACACTGAGGTGCGAAAGCGTGGGGAGCAAACAGG","Bacteria","Proteobacteria","Gammaproteobacteria","Pseudomonadales","Pseudomonadaceae","Pseudomonas",NA,"ASV_219","Pseudomonas sp.","Pseudomonas sp."
"TACGTAGGGTGCAAGCGTTGTCCGGAATTATTGGGCGTAAAGAGCTCATAGGCGGCTCGTCGCGTCTGCTGTGAAAGCCCGGGGCTTAACCCCGGGTCTGCAGTGGGTACGGGCGGGCTAGAGTGCGGTAGGGGAGACTGGAATTCCTGGTGTAGCGGTGAAATGCGCAGATATCAGGAGGAACACCGGTGGCGAAGGCGGGTCTCTGGGCCGTAACTGACGCTGAGGAGCGAAAGCATGGGTAGCGAACAGG","Bacteria","Actinobacteriota","Actinobacteria","Kineosporiales","Kineosporiaceae","Pseudokineococcus",NA,"ASV_221","Pseudokineococcus sp.","Pseudokineococcus sp."
"CCCCCCCCCCCCCCCCCCCCCCCCCCCCCCCCCCCCCCCCCCCCCCCCCCCCTTTTTAATGATACGGCGACCACCGAGATCTACACTGACGACATGGTTCTACAGTGTCAGCCGCCGCGGTACTCGAGCCCCTCCACACCCTAACCCTAATTCCCACCACAAATCTCTTACGCTGCCAACCCCAGCGCCGCCTAAGGTTCCTCTGAAGCGCCTCACGTCGGAGGAGATGGCGGTACGTAGAGACCAAGTCTCTGCTACCGTATTGCAGATCAATCGCGTATGCCGTCTTCTGCTTGGAAAGTGGGGGGGGGGGGGGGGGGGGGGGGGGGGGGGGGGGGGGGGGG","Bacteria","Cyanobacteria","Cyanobacteriia","Cyanobacteriales","Desertifilaceae","Oscillatoria",NA,"ASV_224","Oscillatoria sp.","Oscillatoria sp..8"
"TACGAAGGGGGCTAGCGTTGTCCGGAATTACTGGGCGTAAAGCGCACGTAGGCGGATTGTTAAGTGAGGGGTGAAATCCCAGGGCTCAACCCTGGAACTGCCTTTCATACTGGCAATCTAGAGTCCAGAAGAGGTGAGTGGAATTCCGAGTGTAGAGGTGAAATTCGTAGATATTCGGAGGAACACCAGTGGCGAAGGCGGCTCACTGGTCTGGAACTGACGCTGAGGTGCGAAAGCGTGGGGAGCAAACAGG","Bacteria","Proteobacteria","Alphaproteobacteria","Rhizobiales","Rhizobiaceae","Ensifer",NA,"ASV_232","Ensifer sp.","Ensifer sp..1"
"TACGGAGGGTGCAAGCGTTAATCGGAATTACTGGGCGTAAAGCGCACGCAGGCGGTTTGTTAAGTCGGATGTGAAATCCCCGGGCTCAACCTGGGAACTGCATCTGATACTGGCAAGCTTGAGTCTCGTAGAGGGGGGTAGAATTCCAGGTGTAGCGGTGAAATGCGTAGAGATCTGGAGGAATACCGGTGGCGAAGGCGGCCCCCTGGACGAAGACTGACGCTCAGGTGCGAAAGCGTGGGGAGCAAACAGG","Bacteria","Proteobacteria","Gammaproteobacteria","Enterobacterales","Enterobacteriaceae","Escherichia-Shigella",NA,"ASV_237","Escherichia-Shigella sp.","Escherichia-Shigella sp..2"
"TACGAAGGGGGCTAGCGTTGCTCGGAATCACTGGGCGTAAAGGGCGCGTAGGCGGCCGATTAAGTCGGGGGTGAAAGCCTGTGGCTCAACCACAGAATTGCCTTCGATACTGGTTGGCTTGAGACCGGAAGAGGACAGCGGAACTGCGAGTGTAGAGGTGAAATTCGTAGATATCCGCAAGAACACCAGTGGCGAAGGCGGCTGTCTGGTCCGGTTCTGACGCTGAGGCGCGAAAGCGTGGGGAGCAAACAGG","Bacteria","Proteobacteria","Alphaproteobacteria","Rhizobiales","Beijerinckiaceae","Methylobacterium-Methylorubrum",NA,"ASV_238","Methylobacterium-Methylorubrum sp.","Methylobacterium-Methylorubrum sp..29"
"CCCCCCCCCCCCCCCCCCCCCCCCCCCCCCCCCCCCCCCCCCCCCCCCCCCCTTTTTAATGATACGGCGACCACCGAGATCTACACTGACGACATGGTTCTACAGTGTCAGCAGCCGCGGTACTCGAGCCCCTCCACACCCTAACCCTAATTCCCACCACAAATCTCTTACGCTGCCAACCCCAGCGCCGCCTAAGGTTCCTCTGAAGCGCCTCACGTCGGAGGAGATGGCGGTACGTAAAGACCAAGTCTCTGCTACCGTACAGGTCACATATCTCGTATGCCGTCTTCTGCTTGAAAAGGGGGGGGGGGGGGGGGGGGGGGGGGGGGGGGGGGGGGGGGGGG","Bacteria","Cyanobacteria","Cyanobacteriia","Cyanobacteriales","Desertifilaceae","Oscillatoria",NA,"ASV_239","Oscillatoria sp.","Oscillatoria sp..9"
"TACGAAGGGGGCTAGCGTTGCTCGGAATCACTGGGCGTAAAGGGCGCGTAGGCGGCCGATTAAGTCGGGGGTGAAAGCCCGTGGCTCAACCACAGAATTGCCTTCGATACTGGTTGGCTTGAGACCGGAAGAGGACAGCGGAACTGCGAGTGTAGAGGTGAAATTCGTAGATATTCGCAAGAACACCAGTGGCGAAGGCGGCTGTCTGGTCCGGTTCTGACGCTGAGGCGCGAAAGCGTGGGGAGCAAACAGG","Bacteria","Proteobacteria","Alphaproteobacteria","Rhizobiales","Beijerinckiaceae","Methylobacterium-Methylorubrum",NA,"ASV_240","Methylobacterium-Methylorubrum sp.","Methylobacterium-Methylorubrum sp..30"
"TACGGAGGGAGCTAGCGTTGTTCGGAATTACTGGGCGTAAAGCGCGCGTAGGCGGTTACTCAAGTCAGAGGTGAAAGCCCGGGGCTCAACCCCGGAACTGCCTTTGAAACTAGGTAACTAGAATCTTGGAGAGGTCAGTGGAATTCCGAGTGTAGAGGTGAAATTCGTAGATATTCGGAAGAACACCAGTGGCGAAGGCGACTGACTGGACAAGTATTGACGCTGAGGTGCGAAAGCGTGGGGAGCAAACAGG","Bacteria","Proteobacteria","Alphaproteobacteria","Sphingomonadales","Sphingomonadaceae","Novosphingobium",NA,"ASV_244","Novosphingobium sp.","Novosphingobium sp."
"TACGAAGGGGGCTAGCGTTGCTCGGAACCACTGGGCGTAAAGGGCGCGTAGGCGGCCGATTAAGTCGGGGGTGAAAGCCTGTGGCTCAACCACAGAATTGCCTTCGATACTGGTTGGCTTGAGACCGGAAGAGGACAGCGGAACTGCGAGTGTAGAGGTGAAATTCGTAGATATTCGCAAGAACACCAGTGGCGAAGGCGGCTGTCTGGTCCGGTTCTGACGCTGAGGCGCGAAAGCGTGGGGAGCAAACAGG","Bacteria","Proteobacteria","Alphaproteobacteria","Rhizobiales","Beijerinckiaceae","Methylobacterium-Methylorubrum",NA,"ASV_250","Methylobacterium-Methylorubrum sp.","Methylobacterium-Methylorubrum sp..31"
"TACGGAGGGTGCAAGCGTTAATCGGAATTACTGGGCGTAAAGCGCACACAGGCGGTTTGTTAAGTCAGATGTGAAATCCCCGGGCTCAACCTGGGAACTGCATCTGATACTGGCAAGCTTGAGTCTCGTAGAGGGGGGTAGAATTCCAGGTGTAGCGGTGAAATGCGTAGAGATCTGGAGGAATACCGGTGGCGAAGGCGGCCCCCTGGACGAAGACTGACGCTCAGGTGCGAAAGCGTGGGGAGCAAACAGG","Bacteria","Proteobacteria","Gammaproteobacteria","Enterobacterales","Enterobacteriaceae","Escherichia-Shigella",NA,"ASV_251","Escherichia-Shigella sp.","Escherichia-Shigella sp..3"
"CCCCCCCCCCCCCCCCCCCCCCCCCCCCCCCCCCCCCCCCCCCCCCCCCCCCTTTTTAATGATACGGCGACCACCGAGATCTACACTGACGACATGGTTCTACAGTGTCAGCCGCCGCGGTACTCGAGCCCCTCCACACCCTAACCCTAATTCCCACCACAAATCTCTTACGCTGCCAACCCCAGCGCCGCCTAAGGTTCCTCTGAAGCGCCTCACGTCGGAGGAGATGGCGGTACGTAAAGACCAAGTCTCTGCTACCGTACAGATGTCCTATCGCGTATGCCGTCTTCTGCTTGAAATGGGGGGGGGGGGGGGGGGGGGGGGGGGGGGGGGGGGGGGGGGGG","Bacteria","Cyanobacteria","Cyanobacteriia","Cyanobacteriales","Desertifilaceae","Oscillatoria",NA,"ASV_255","Oscillatoria sp.","Oscillatoria sp..10"
"TACGAAGGGGGCTAGCGTTGCTCGGAATCACTGGGCGTAAAGGGCGCGTAGGCGGCCGATTAAGTCGGGGGTGAAAGCCTGTGGCTCAACCACAGAATTGCCTTCGATACTGGTTGGCTTGAGACCGGAAGAGGACAGCGGAACTGCGAGTGTAGAGGTGAAATTCGTAGATATTCGCAAGAACACCAGTGGCGAAGGCGGCTGTCTGGTCCGGTTCTGACGCTGAGGCGCGAAAGCGTGGGGAGCAGACAGG","Bacteria","Proteobacteria","Alphaproteobacteria","Rhizobiales","Beijerinckiaceae","Methylobacterium-Methylorubrum",NA,"ASV_259","Methylobacterium-Methylorubrum sp.","Methylobacterium-Methylorubrum sp..32"
"TACGAAGGGGGCTAGCGTTGTTCGGAATTACTGGGCGTAAAGCGCACGTAGGCGGATATTTAAGTCAGGGGTGAAATCCCAGAGCTCAACTCTGGAACTGCCTTTGATACTGGGTATCTTGAGTATGGAAGAGGTAAGTGGAATTGCGAGTGTAGAGGTGAAATTCGTAGATATTCGCAGGAACACCAGTGGCGAAGGCGGCTTACTGGTCCATTACTGACGCTGAGGTGCGAAAGCGTGGGGAGCAAACAGG","Bacteria","Proteobacteria","Alphaproteobacteria","Rhizobiales","Rhizobiaceae","Neorhizobium",NA,"ASV_267","Neorhizobium sp.","Neorhizobium sp."
"TACGGAGGGGGCTAGCGTTGTTCGGAATTACTGGGCGTAAAGCGCACGTAGGCGGCTTTGTAAGTCAGGGGTGAAAGCCTGGAGCTCAACTCCAGAACTGCCTTTGAGACTGCATCGCTTGAATCCGGGAGAGGTAAGTGGAATTCCGAGTGTAGAGGTGAAATTCGTAGATATTCGGAAGAACACCAGTGGCGAAGGCGGCTTACTGGACCGGGATTGACGCTGAGGTGCGAAAGCGTGGGGAGCAAACAGG","Bacteria","Proteobacteria","Alphaproteobacteria","Sphingomonadales","Sphingomonadaceae","Sphingomonas",NA,"ASV_271","Sphingomonas sp.","Sphingomonas sp..6"
"TACGGAGGGTGCAAGCGTTGTCCGGATTTATTGGGTTTAAAGGGTGCGTAGGTGGCCTGTTAAGTCCGGGGTGAAAGCCCACAGCTCAACTGTGGAACTGCCCTGGATACTGGCGGGCTTGAGTCCAGACGAGGTTGGCGGAATGGAAGCTGTAGCGGTGAAATGCATAGATAGCTTCCAGAACCCCGATTGCGTAGGCAGCTGACTAGGCTGGTACTGACACTGAGGCACGAAAGCGTGGGGAGCGAACAGG","Bacteria","Bacteroidota","Bacteroidia","Cytophagales","Hymenobacteraceae","Hymenobacter",NA,"ASV_273","Hymenobacter sp.","Hymenobacter sp..4"
"TACGAAGGGGGCTAGCGTTGCTCGGAATCACTGGGCGTAAAGGGCGCGTAGGCGGCCGATTAAGTCGGGGGTGAAAGCCTGTGGCTCAACCACAGAATTGCCTTCGATACTGGTTGGCTTGAGACCGGAAGAGGACAGCGGAACTGCGAGTGTAGAGGTGAAATTCGTAGATATTCGCAAGAACACCAGTGGCGAAGGCGGCTGTCTGGTCCGGTTCTGACGCTGAGGCGCGAAAGCGTGGGGAACAAACAGG","Bacteria","Proteobacteria","Alphaproteobacteria","Rhizobiales","Beijerinckiaceae","Methylobacterium-Methylorubrum",NA,"ASV_274","Methylobacterium-Methylorubrum sp.","Methylobacterium-Methylorubrum sp..33"
"CCCCCCCCCCCCCCCCCCCCCCCCCCCCCCCCCCCCCCCCCCCCCCCCCCCCTTTTTAATGATACGGCGACCACCGAGATCTACACTGACGACATGGTTCTACAGTGTCAGCAGCCGCGGTACTCGAGCCCCTCCACACCCTAACCCTAATTCCCACCACAAATCTCTTACGCTGCCAACCCCAGCGCCGCCTAAGGTTCCTCTGAAGCGCCTCACGTCGGAGGAGATGGCGGTACGTGGAGACCAAGTCTCTGCTACCGTAGTTCTTCGTAATCTCGTATGCCGTCTTCTGCTTGAAAAGGGGGGGGGGGGGGGGGGGGGGGGGGGGGGGGGGGGGGGGGGGG","Bacteria","Cyanobacteria","Cyanobacteriia","Cyanobacteriales","Desertifilaceae","Oscillatoria",NA,"ASV_277","Oscillatoria sp.","Oscillatoria sp..11"
"TACGAAGGGGGCTAGCGTTGCTCGGAATCACTGGGCGTAAAGGGCGCGTAGGCGGCCATTCAAGTCGGGGGTGAAAGCCTGTGGCTCAACCACAGAATTGCCTTCGATACTGTTTGGCTTGAGTTTGGTAGAGGTTGGTGGAACTGCGAGTGTAGAGGTGAAATTCGTAGATATTCGCAAGAACACCAGTGGCGAAGGCGGCCAACTGGACCAATACTGACGCTGAGGCGCGAAAGCGTGGGGAGCAAACAGG","Bacteria","Proteobacteria","Alphaproteobacteria","Rhizobiales","Beijerinckiaceae","Methylobacterium-Methylorubrum",NA,"ASV_280","Methylobacterium-Methylorubrum sp.","Methylobacterium-Methylorubrum sp..34"
"CACGGAGGGAGCTAGCGTTGTTCGGAATTACTGGGCGTAAAGCGCACGTAGGCGGCTTTGTAAGTTAGAGGTGAAAGCCTGGAGCTCAACTCCAGAATTGCCTTTGATACTGCATGGCTTGAATCCAGGAGAGGTGAGTGGAATTCCGAGTGTAGAGGTGAAATTCGTAGATATTCGGAAGAACACCAGTGGCGAAGGCGGCTCACTGGACTGGTATTGACGCTGAGGTGCGAAAGCGTGGGGAGCAAACAGG","Bacteria","Proteobacteria","Alphaproteobacteria","Sphingomonadales","Sphingomonadaceae","Sphingomonas",NA,"ASV_283","Sphingomonas sp.","Sphingomonas sp..7"
"TACGAAGGGGGCTAGCGTTGCTCGGAATCACTGGGCGTAAAGGGCGCGTAGGCGGCCGATTAAGTCGGGGGTGAAAGCCTGTGGCTCAACCACAGAATTGCCTTCGATACTGGTTGGCTTGAGACCGGAAGAGGACAGCGGAACTGCGAGTGTAGAGGTGAAATTCGTAGATATTCGCAAGAACACCAGTGGCGAAGGCGGCTGTCTGGTCCGGTTCTGACGCTGAGGCGCGAAAGCGCGGGGAGCAAACAGG","Bacteria","Proteobacteria","Alphaproteobacteria","Rhizobiales","Beijerinckiaceae","Methylobacterium-Methylorubrum",NA,"ASV_285","Methylobacterium-Methylorubrum sp.","Methylobacterium-Methylorubrum sp..35"
"TACGGAGGGTGCGAGCGTTGTCCGGATTTATTGGGTTTAAAGGGTGCGTAGGCGGCCTTATAAGTCCGGGGTGAAAGCCCGCTGCTCAACAGCGGAACTGCCCTGGATACTGTGAGGCTTGAGTACAGACGAGGTTGGCGGAATGGACTGAGTAGCGGTGAAATGCATAGATACGGTCCAGAACCCCGATTGCGAAGGCAGCTGACTAGGCTGTTACTGACGCTGAGGCACGAAAGCGTGGGGAGCGAACAGG","Bacteria","Bacteroidota","Bacteroidia","Cytophagales","Hymenobacteraceae","Hymenobacter",NA,"ASV_287","Hymenobacter sp.","Hymenobacter sp..5"
"TACGTAGGGTGCAAGCGTTGTCCGGAATTATTGGGCGTAAAGAGCTCGTAGGCGGTTTGTCGCGTCTGCTGTGAAAACCCGAGGCTCAACCTCGGGCCTGCAGTGGGTACGGGCAGACTAGAGTGCGGTAGGGGAGAATGGAATTCCTGGTGTAGCGGTGGAATGCGCAGATATCAGGAGGAACACCGATGGCGAAGGCAGTTCTCTGGGCCGTTACTGACGCTGAGGAGCGAAAGCGTGGGGAGCGAACAGG","Bacteria","Actinobacteriota","Actinobacteria","Micrococcales","Microbacteriaceae","Rathayibacter",NA,"ASV_291","Rathayibacter sp.","Rathayibacter sp."
"TACGAAGGGGGCTAGCGTTGCTCGGAATCACTGGGCGTAAAGGGCGCGTAGGCGGCCGATTAAGTCGGGGGTGAAAGCCAGTGGCTCAACCACAGAATTGCCTTCGATACTGGTTGGCTTGAGACCGGAAGAGGACAGCGGAACTGCGAGTGTAGAGGTGAAATTCGTAGATATTCGCAAGAACACCAGTGGCGAAGGCGGCTGTCTGGTCCGGTTCTGACGCTGAGGCGCGAAAGCGTGGGGAGCAAACAGG","Bacteria","Proteobacteria","Alphaproteobacteria","Rhizobiales","Beijerinckiaceae","Methylobacterium-Methylorubrum",NA,"ASV_293","Methylobacterium-Methylorubrum sp.","Methylobacterium-Methylorubrum sp..36"
"CCCCCCCCCCCCCCCCCCCCCCCCCCCCCCCCCCCCCCCCCCCCCCCCCCCCCCATTTTAATGATACGGCGACCACCGAGATCTACACTGACGACATGGTTCTACAGTGTCAGCAGCCGCGGTACTCGAGCCCCTCCACACCCTAACCCTAATTCCCACCACAAATCTCTTACGCTGCCAACCCCAGCGCCGCCTAAGGTTCCTCTGAAGCGCCTCACGTCGGAGGAGATGGCGGTACGTAGACCAAGTCTCTGCTACCGTATTCGTTCCTGATCTCGTATGCCGTCTTCTGCTTGAAAAGGGGGGGGGGGGGGGGGGGGGGGGGGGGGGGGGGGGGGGGGGGGGG","Bacteria","Cyanobacteria","Cyanobacteriia","Cyanobacteriales","Desertifilaceae","Oscillatoria",NA,"ASV_299","Oscillatoria sp.","Oscillatoria sp..12"
"TACGGAGGGTGCAAGCGTTAATCGGAATTACTGGGCGTAAAGCGCACGCAGGCGGTCTGTTAAGTCAGATGTGAAATCCCCGGGCTTAACCTGGGAACTGCATTTGAAACTGGCAGGCTTGAGTCTTGTAGAGGGGGGTAGAATTCCAGGTGTAGCGGTGAAATGCGTAGAGATCTGGAGGAATACCGGTGGCGAAGGCGGCCCCCTGGACAAAGACTGACGCTCAGGTGCGAAAGCGTGGGGAGCAAACAGG","Bacteria","Proteobacteria","Gammaproteobacteria","Enterobacterales","Erwiniaceae",NA,NA,"ASV_301","Erwiniaceae","Erwiniaceae"
"TACGAAGGGGGCTAGCGTTGTTCGGAATTACTGGGCGTAAAGCGCACGTAGGCGGATATTTAAGTCAGGGGTGAAATCCCGGGGCTCAACCCCGGAACGGCCTTTGATACTGGATGTCTTGAGTCCGGAAGAGGTGAGTGGAATTGCGAGTGTAGAGGTGAAATTCGTAGATATTCGCGGGAACACCAGTGGCGAAGGCGGCTCACTGGTCCGGAACTGACGCTGAGGTGCGAAAGCGTGGGGAGCAAACAGG","Bacteria","Proteobacteria","Alphaproteobacteria","Rhizobiales","Rhizobiaceae","Aureimonas",NA,"ASV_302","Aureimonas sp.","Aureimonas sp..5"
"CCCCCCCCCCCCCCCCCCCCCCCCCCCCCCCCCCCCCCCCCCCCCCCCCCCCTTTTTAATGATACGGCGACCACCGAGATCTACACTGACGACATGGTTCTACAGTGTCAGCCGCCGCGGTACTCGAGCCCCTCCACACCCTAACCCTAATTCCCACCACAAATCTCTTACGCTGCCAACCCCAGCGCCGCCTAAGGTTCCTCTGAAGCGCCTCACGTCGGAGGAGATGGCGGTACGTAAAGACCAAGTCTCTGCTACCGTACTGGAGGCTAATCTCGTATGCCGTCTTCTGCTTGAAAAGGGGGGGGGGGGGGGGGGGGGGGGGGGGGGGGGGGGGGGGGGGG","Bacteria","Cyanobacteria","Cyanobacteriia","Cyanobacteriales","Desertifilaceae","Oscillatoria",NA,"ASV_303","Oscillatoria sp.","Oscillatoria sp..13"
"TACGAAGGGGGCTAGCGTTGCTCGGAATCACTGGGCGTAAAGGGCGCGTAGGCGGCCGATTAAGTCGGGGGTGAAAGCCTGTGGCTCAACCACAGAATTGCCTTCGATACTGGTTGGCTTGAGACCGGAAGAGGACAGCGGAACTGCGAGTGTAGAGGTGAAATTCGTAGATATTCGCAAGAACACCAGTGGCGAAGGCGGCTGTCTGGTCCGGTTCTGACGCTGAGGCGCGAAAGCGGGGGGAGCAAACAGG","Bacteria","Proteobacteria","Alphaproteobacteria","Rhizobiales","Beijerinckiaceae","Methylobacterium-Methylorubrum",NA,"ASV_307","Methylobacterium-Methylorubrum sp.","Methylobacterium-Methylorubrum sp..37"
"TACGAAGGGGGCTAGCGTTACTCGGAATTACTGGGCGTAAAGGGCGCGTAGGCGGCGCTCCAAGTTAGGCGTGAAAGTCCTGGGCTCAACCTGGGAACTGCGCTTGATACTGGAGTGCTTGAGGATGGAAGAGGGTTGTGGAATTCCCAGTGTAGAGGTGAAATTCGTAGATATTGGGAAGAACACCGGTGGCGAAGGCGGCAACCTGGTCCATTACTGACGCTGAGGCGCGACAGCGTGGGGAGCAAACAGG","Bacteria","Proteobacteria","Alphaproteobacteria","Acetobacterales","Acetobacteraceae","Roseomonas",NA,"ASV_309","Roseomonas sp.","Roseomonas sp."
"TACGTAGGGTGCAAGCGTTGTCCGGAATTATTGGGCGTAAAGAGCTCGTAGGCGGTTTGTCGCGTCTGCTGTGAAAACGCGGGGCTCAACTCCGCGCCTGCAGTGGGTACGGGCAGACTAGAGTGCAGTAGGGGAGACTGGAATTCCTGGTGCAGCGGTGGAATGCGCAGATATCAGGAGGAACACCGGTGGCGAAGGCGGGTCTCTGGGCTGTAACTGACGCTGAGGAGCGAAAGCGTGGGTAGCGAACAGG","Bacteria","Actinobacteriota","Actinobacteria","Kineosporiales","Kineosporiaceae","Quadrisphaera",NA,"ASV_310","Quadrisphaera sp.","Quadrisphaera sp..2"
"TACGAGGGGGCTAGCGTTACTCGGAATTACTGGGCGTAAAGGGCGCGTAGGCGGCGCTCCAAGTTAGGCGTGAAAGTCCTGGGCTCAACCTGGGAACTGCGCTTGATACTGGAGTGCTTGAGGATGGAAGAGGGTCGTGGAATTCCCAGTGTAGAGGTGAAATTCGTAGATATTGGGAAGAACACCGGTGGCGAAGGCGGCGACCTGGTCCATTACTGACGCTGAGGCGCGACAGCGTGGGGAGCAAACAGG","Bacteria","Proteobacteria","Alphaproteobacteria","Acetobacterales","Acetobacteraceae","Roseomonas",NA,"ASV_311","Roseomonas sp.","Roseomonas sp..1"
"TACGGAGGGAGCTAGCGTTGTTCGGAATTACTGGGCGTAAAGCGCACGTAGGCGGCTTTGTAAGTTAGAGGTGAAAGCCTGGAGCTCAACTCCAGAATTGCCTTTGATACTGCATGGCTTGAATCCAGGGGAGGTGAGTGGAATTCCGAGTGTAGAGGTGAAATTCGTAGATATTCGGAAGAACACCAGTGGCGAAGGCGGCTCACTGGACTGGTATTGACGCTGAGGTGCGAAAGCGTGGGGAGCAAACAGG","Bacteria","Proteobacteria","Alphaproteobacteria","Sphingomonadales","Sphingomonadaceae","Sphingomonas",NA,"ASV_312","Sphingomonas sp.","Sphingomonas sp..8"
"CCCCCCCCCCCCCCCCCCCCCCCCCCCCCCCCCCCCCCCCCCCCCCCCCCCCTTTTTAATGATACGGCGACCACCGAGATCTACACTGACGACATGGTTCTACAGTGCCAGCCGCCGCGGTACTCGAGCCCCTCCACACCCTAACCCTAATTCCCACCACAAATCTCTTACGCTGCCAACCCCAGCGCCGCCTAAGGTTCCTCTGAAGCGCCTCACGTCGGAGGAGATGGCGGTACGTAAAGACCAAGTCTCTGCTACCGTATGCGGATGGTATCTCGTATGCCGTCGTCTGCTTGAAATGGGGGGGGGGGGGGGGGGGGGGGGGGGGGGGGGGGGGGGGGGGG","Bacteria","Cyanobacteria","Cyanobacteriia","Cyanobacteriales","Desertifilaceae","Oscillatoria",NA,"ASV_313","Oscillatoria sp.","Oscillatoria sp..14"
"TACGGAGGGTGCAAGCGTTGTCCGGATTTATTGGGTTTAAAGGGTGCGTAGGCGGCCTATTAAGTCAGGGGTGAAAGACTGCAGCTTAACTGTAGCAGTGCCTTTGATACTGATGGGCTTGAGTACAGATGAGGCTGGCGGAATGGGTGGTGTAGCGGTGAAATGCATAGATACCATCCAGAACACCGATTGCGAAGGCAGCCGGCTAAACTGTAACTGACGCTGAGGCACGAAAGCGTGGGGATCGAACAGG","Bacteria","Bacteroidota","Bacteroidia","Cytophagales","Cytophagaceae","Rhodocytophaga",NA,"ASV_315","Rhodocytophaga sp.","Rhodocytophaga sp."
"CCCCCCCCCCCCCCCCCCCCCCCCCCCCCCCCCCCCCCCCCCCCCCCCCCCCTTTTTAATGATACGGCGACCACCGAGATCTACACTGACGACATGGTTCTACAGTGTCAGCCGCCGCGGTACTCGAGCCCCTCCACACCCTAACCCTAATTCCCACCACAAATCTCTTACGCTGCCAACCCCAGCGCCGCCTAAGGTTCCTCTGAAGCGCCTCACGTCGGAGGAGATGGCGGTACGTAAAGACCAAGTCTCTGCTACCGTATGTCAGCTTAATCTCGTATGCCGTCTTCTGCTTGAAAAGGGGGGGGGGGGGGGGGGGGGGGGGGGGGGGGGGGGGGGGGGGG","Bacteria","Cyanobacteria","Cyanobacteriia","Cyanobacteriales","Desertifilaceae","Oscillatoria",NA,"ASV_316","Oscillatoria sp.","Oscillatoria sp..15"
"TACGAAGGGGGCTAGCGTTGTTCGGAATTACTGGGCGTAAAGCGCACGTAGGCGGATATTTAAGTCAGGGGTGAAATCCCGGGGCTCAACCCCGGAACTGCCCTTGATACTGGGTATCTTGAGTGTGGTAGAGGTGAGTGGAATTGCGAGTGTAGAGGTGAAATTCGTAGATATTCGCAGGAACACCAGTGGCGAAGGCGGCTCACTGGACCACAACTGACGCTGAGGTGCGAAAGCGTGGGGAGCAAACAGG","Bacteria","Proteobacteria","Alphaproteobacteria","Rhizobiales","Rhizobiaceae","Aurantimonas",NA,"ASV_319","Aurantimonas sp.","Aurantimonas sp..2"
"TACGTAGGTGGCAAGCGTTGTCCGGATTTATTGGGCGTAAAGCGAGCGCAGGCGGTCAATTAAGTCTGATGTGAAAGCCCCCGGCTCAACCGGGGAGGGTCATTGGAAACTGGTTGACTTGAGTGCAGAAGAGGAGAGTGGAATTCCATGTGTAGCGGTGAAATGCGTAGATATATGGAGGAACACCAGTGGCGAAGGCGACTCTCTGGTCTGTAACTGACGCTGAGGCTCGAAAGCGTGGGTAGCAAACAGG","Bacteria","Firmicutes","Bacilli","Lactobacillales","Carnobacteriaceae","Granulicatella","elegans","ASV_321","Granulicatella elegans","Granulicatella elegans"
"TACGAAGGGGGCTAGCGTTGTTCGGAATTACTGGGCGTAAAGCGCACGTAGGCGGATATTTAAGTCAGGGGTGAAATCCCGGGGCTCAACCCCGGAACTGCCTTTGATACTGGGTATCTCGAGTGTGGTAGAGGTGAGTGGAATTGCGAGTGTAGAGGTGAAATTCGTAGATATTCGCAGGAACACCAGTGGCGAAGGCGGCTCACTGGACCACAACTGACGCTGAGGTGCGAAAGCGTGGGGAGCAAACAGG","Bacteria","Proteobacteria","Alphaproteobacteria","Rhizobiales","Rhizobiaceae","Aureimonas",NA,"ASV_324","Aureimonas sp.","Aureimonas sp..6"
"TACGGAGGGAGCTAGCGTTGTTCGGAATTACTGGGCGTAAAGCGCACGTAGGCGGCTTTGTAAGTTAGAGGTGAAAGCCTGGAGCCCAACTCCAGAATTGCCTTTGATACTGCATGGCTTGAATCCAGGAGAGGTGAGTGGAATTCCGAGTGTAGAGGTGAAATTCGTAGATATTCGGAAGAACACCAGTGGCGAAGGCGGCTCACTGGACTGGTATTGACGCTGAGGTGCGAAAGCGTGGGGAGCAAACAGG","Bacteria","Proteobacteria","Alphaproteobacteria","Sphingomonadales","Sphingomonadaceae","Sphingomonas",NA,"ASV_327","Sphingomonas sp.","Sphingomonas sp..9"
"TACGTAGGGTGCAAGCGTTGTCCGGAATTATTGGGCGTAAAGAGCTCGTAGGCGGTGTGTCGCGTCTGCTGTGAAAACTCAGGGCTCAACTCTGAGCTTGCAGTGGGTACGGGCACACTAGAGTGCTGTAGGGGAGACTGGAATTCCTGGTGTAGCGGTGAAATGCGCAGATATCAGGAGGAACACCGGTGGCGAAGGCGGGTCTCTGGGCAGTTACTGACGCTGAGGAGCGAAAGCATGGGGAGCGAACAGG","Bacteria","Actinobacteriota","Actinobacteria","Kineosporiales","Kineosporiaceae","Kineococcus",NA,"ASV_328","Kineococcus sp.","Kineococcus sp."
"TACGGAGGGTGCAAGCGTTAATCGGAATTACTGGGCGTAAAGCGCACGCAGGCGGTTTGTTAAGTCAGATGTGAAATCCCCGGGCTCAACCTGGGAACTGCATCTGATACTGGCAAGCTTGAGTCTCGTAGAGGGGGGTAGAATTCCAGGTGTAGCGGTGAAACGCGTAGAGATCTGGAGGAATACCGGTGGCGAAGGCGGCCCCCTGGACGAAGACTGACGCTCAGGTGCGAAAGCGTGGGGAGCAAACAGG","Bacteria","Proteobacteria","Gammaproteobacteria","Enterobacterales","Enterobacteriaceae","Escherichia-Shigella",NA,"ASV_330","Escherichia-Shigella sp.","Escherichia-Shigella sp..4"
"CCCCCCCCCCCCCCCCCCCCCCCCCCCCCCCCCCCCCCCCCCCCCCCCCCCCTTTTTAATGATACGGCGACCACCGAGATCTACACTGACGACATGGTTCTACAGTGTCAGCAGCCGCAGTACTCGAGCCCCTCCACACCCTAACCCTAATTCCCACCACAAATCTCTTACGCTGCCAACCCCAGCGCCGCCTAAGGTTCCTCTGAAGCGCCTCACGTCGGAGGAGATGGCGGTACGTAAAGACCAAGTCTCTGCTACCGTATGAGAAGGTAATCTCGTATGCCGTCTTCTGCTTGAAAAGGGGGGGGGGGGGGGGGGGGGGGGGGGGGGGGGGGGGGGGGGGG","Bacteria","Cyanobacteria","Cyanobacteriia","Cyanobacteriales","Desertifilaceae","Oscillatoria",NA,"ASV_331","Oscillatoria sp.","Oscillatoria sp..16"
"CCCCCCCCCCCCCCCCCCCCCCCCCCCCCCCCCCCCCCCCCCCCCCCCCCCCTTTTTAATGATACGGCGACCACCGAGATCTACACTGACGACATGGTTCTACAGTGCCAGCCGCCGCGGTACTCGAGCCCCTCCACACCCTAACCCTAATTCCCACTACAAATCTCTTACGCTGCCAACCCCAGCGCCGCCTAAGGTTCCTCTGAAGCGCCTCACGTCGGAGGAGATGGCGGTACGTAAAGACCAAGTCTCTGCTACCGTAGTCTTGGCTCATCGCGTATGCCGTCTTCTGCTTGAAAAGGGGGGGGGGGGGGGGGGGGGGGGGGGGGGGGGGGGGGGGGGGG","Bacteria","Cyanobacteria","Cyanobacteriia","Cyanobacteriales","Desertifilaceae","Oscillatoria",NA,"ASV_333","Oscillatoria sp.","Oscillatoria sp..17"
"TACGAAGGGGGCTAGCGTTGCTCGGAATCACTGGGCGTATAGGGCGCGTAGGCGGCCGATTAAGTCGGGGGTGAAAGCCTGTGGCTCAACCACAGAATTGCCTTCGATACTGGTTGGCTTGAGACCGGAAGAGGACAGCGGAACTGCGAGTGTAGAGGTGAAATTCGTAGATATTCGCAAGAACACCAGTGGCGAAGGCGGCTGTCTGGTCCGGTTCTGACGCTGAGGCGCGAAAGCGTGGGGAGCAAACAGG","Bacteria","Proteobacteria","Alphaproteobacteria","Rhizobiales","Beijerinckiaceae","Methylobacterium-Methylorubrum",NA,"ASV_338","Methylobacterium-Methylorubrum sp.","Methylobacterium-Methylorubrum sp..38"
"CCCCCCCCCCCCCCCCCCCCCCCCCCCCCCCCCCCCCCCCCCCCCCCCCCCCTTTTTAATGATACGGCGACCACCGAGATCTACACTGACGACATGGTTCTACAGTGTCAGCAGCCGCGGTACTCGAGCCCCTCCACACCCTAACCCTAATTCCCACCACAAATCTCTTACGCTGCCAACCCCAGCGCCGCCTAAGGTTCCTCTGAAGCGCCTCACGTCGGAGGAGATGGCGGTACGTAGAGACCAAGTCTCTGCTACCGTATTACGCAGTGATCTCGTATGCCGTCTTCTGCTTGAAAAGGGGGGGGGGGGGGGGGGGGGGGGGGGGGGGGGGGGGGGGGGGG","Bacteria","Cyanobacteria","Cyanobacteriia","Cyanobacteriales","Desertifilaceae","Oscillatoria",NA,"ASV_340","Oscillatoria sp.","Oscillatoria sp..18"
"TACGAAGGGGGCTAGCGTTGCTCGGAATCACTGGGCGTAAAGGGCGCGTAGGCGGCCGATTAAGTCGGGGGTGAAAGCCTGTGGCTCAACCACAGAATTGCCTTCGATACTGGTTGGCTTGAGACCGGAAGAGGACAGCGGAACTGCGAGTGTAGAGGTGAAATTCGTAGATATTCGCAAGAACACCAGTGGCGAAGGCGGCTGCCTGGTCCGGTTCTGACGCTGAGGCGCGAAAGCGTGGGGAGCAAACAGG","Bacteria","Proteobacteria","Alphaproteobacteria","Rhizobiales","Beijerinckiaceae","Methylobacterium-Methylorubrum",NA,"ASV_342","Methylobacterium-Methylorubrum sp.","Methylobacterium-Methylorubrum sp..39"
"TACGAAGGGGGCTAGCGTTGTTCGGAATTACTGGGCGTAAAGCGCACGTAGGCGGATATTTAAGTCAGGGGTGAAATCCCGGGGCTCAACCCCGGAACGGCCTTTGATACTGGATGTCTTGAGTCCGGAAGAGGTGAGTGGAATTGCGAGTGTAGAGGTGAAATTCGTAGATATTCGCAGGAACACCAGTGGCGAAGGCGGCTCACTGGTCCGGAACTGACGTTGAGGTGCGAAAGCGTGGGGAGCAAACAGG","Bacteria","Proteobacteria","Alphaproteobacteria","Rhizobiales","Rhizobiaceae","Aureimonas",NA,"ASV_344","Aureimonas sp.","Aureimonas sp..7"
"TACGTAGGTGGCAAGCGTTATCCGGAATTATTGGGCGTAAAGCGCGCGTAGGCGGTTTTTTAAGTCTGATGTGAAAGCCCACGGCTCAACCGTGGAGGGTCATTGGAAACTGGAAAACTTGAGTGCAGAAGAGGAAAGTGGAATTCCATGTGTAGCGGTGAAATGCGCAGAGATATGGAGGAACACCAGTGGCGAAGGCGACTTTCTGGTCTGTAACTGACGCTGATGTGCGAAAGCGTGGGGATCAAACAGG","Bacteria","Firmicutes","Bacilli","Staphylococcales","Staphylococcaceae","Staphylococcus",NA,"ASV_345","Staphylococcus sp.","Staphylococcus sp."
"TACGAAGGGGGCTAGCGTTGTTCGGAATTACTGGGTGTAAAGCGCACGTAGGCGGATATTTAAGTCAGGGGTGAAATCCCGGGGCTCAACCCCGGAACGGCCTTTGATACTGGATGTCTTGAGTCCGGAAGAGGTGAGTGGAATTGCGAGTGTAGAGGTGAAATTCGTAGATATTCGCAGGAACACCAGTGGCGAAGGCGGCTCACTGGTCCGGAACTGACGCTGAGGTGCGAAAGCGTGGGGAGCAAACAGG","Bacteria","Proteobacteria","Alphaproteobacteria","Rhizobiales","Rhizobiaceae","Aureimonas",NA,"ASV_346","Aureimonas sp.","Aureimonas sp..8"
"TACGGAGGGTGCAAGCGTTAATCGGAATTACTGGGCGTAAAGCGCACGCAGGCGGTCTGTCAAGTCGGATGTGAAATCCCCGGGCTTAACCTGGGAACTGCATTCGAAACTGGCAGGCTGGAGTCTTGTAGAGGGGGGTAGAATTCCAGGTGTAGCGGTGAAATGCGTAGAGATCTGGAGGAATACCGGTGGCGAAGGCGGCCCCCTGGACAAAGACTGACGCTCAGGTGCGAAAGCGTGGGGAGCAAACAGG","Bacteria","Proteobacteria","Gammaproteobacteria","Enterobacterales","Enterobacteriaceae",NA,NA,"ASV_348","Enterobacteriaceae","Enterobacteriaceae"
"CCCCCCCCCCCCCCCCCCCCCCCCCCCCCCCCCCCCCCCCCCCCCCCCCCCCTTTTTAATGATACGGCGACCACCGAGATCTACACTGACGACATGGTTCTACAGTGCCAGCCGCCGCGGTACTCGAGCCCCTCCACACCCTAACCCTAATTCCCACCACAAATCTCTTACGCTGCCAACCCCAGCGCCGCCTAAGGTTCCTCTGAAGCGCCTCACGTCGGAGGAGATGGCGGTACGTAAAGACCAAGTCTCTGCTACCGTACTAATCGTGTATCGCGTATGCCGTCTTCTGCTTGAAAAGGGGGGGGGGGGGGGGGGGGGGGGGGGGGGGGGGGGGGGGGGGG","Bacteria","Cyanobacteria","Cyanobacteriia","Cyanobacteriales","Desertifilaceae","Oscillatoria",NA,"ASV_351","Oscillatoria sp.","Oscillatoria sp..19"
"TACGGAGGGTGCGAGCGTTGTCCGGATTTATTGGGTTTAAAGGGTGCGTAGGCGGCCTTGTAAGTCCGGGGTGAAAGCCCGTTGCTCAACAACGGAACTGCCCTGGATACTGCAAGGCTTGAGTACAGACGAGGTTGGCGGAATGGACCGAGTAGCGGTGAAATGCATAGATACGGTCCAGAACCCCGATTGCGAAGGCAGCTGACTAGGCTGATACTGACGCTGAGGCACGACAGCGTGGGGAGCGAACAGG","Bacteria","Bacteroidota","Bacteroidia","Cytophagales","Hymenobacteraceae","Hymenobacter",NA,"ASV_352","Hymenobacter sp.","Hymenobacter sp..6"
"TACGGAGGGGGCTAGCGTTGTTCGAAATTACTGGGCGTAAAGCGCACGTAGGCGGCTTTGTAAGTTAGAGGTGAAAGCCTGGAGCTCAACTCCAGAACTGCCTTTAAGACTGCATCGCTTGAATCCAGGAGAGGTGAGTGGAATTCCGAGTGTAGAGGTGAAATTCGTAGATATTCGGAAGAACACCAGTGGCGAAGGCGGCTCACTGGACTGGTATTGACGCTGAGGTGCGAAAGCGTGGGGAGCAAACAGG","Bacteria","Proteobacteria","Alphaproteobacteria","Sphingomonadales","Sphingomonadaceae","Sphingomonas",NA,"ASV_355","Sphingomonas sp.","Sphingomonas sp..10"
"CCCCCCCCCCCCCCCCCCCCCCCCCCCCCCCCCCCCCCCCCCCCCCCCCCCCCCTTTTTAATGATACGGCGACCACCGAGATCTACACTGACGACATGGTTCTACAGTGTCAGCCGCCGCGGTACTCGAGCCCCTCCACACCCTAACCCTAATTCCCACCACAAATCTCTTACGCTGCCAACCCCAGCGCCGCCTAAGGTTCCTCTGAAGCGCCTCACGTCGGAGGAGATGGCGGTACGTAGACCAAGTCTCTGCTACCGTATGTTCGATAGATCGCGTATGCCGTCTTCTGCTTGAAAAGGGGGGGGGGGGGGGGGGGGGGGGGGGGGGGGGGGGGGGGGGGGGG","Bacteria","Cyanobacteria","Cyanobacteriia","Cyanobacteriales","Desertifilaceae","Oscillatoria",NA,"ASV_356","Oscillatoria sp.","Oscillatoria sp..20"
"TACAGAGGGTGCGAGCGTTGTCCGGAATTACTGGGCGTAAAGGGCGCGTAGGCGGTCCGTCACGCGTGCCGTGAAAGCCCGGGGCTCAACCCCGGGTCGGCGGTGCGAACGGGGGGACTGGAGCACACCAGAGGCAAGTGGAATTCCGGGTGTAGCGGTGGAATGCGTAGAGATCCGGAAGAACACCGGTGGCGAAGGCGGCTTGCTGGGGTGTGGCTGACGCTGAGGCGCGACAGCGTGGGGAGCAAACAGG","Bacteria","Gemmatimonadota","Gemmatimonadetes","Gemmatimonadales","Gemmatimonadaceae",NA,NA,"ASV_357","Gemmatimonadaceae","Gemmatimonadaceae"
"TACGGAGGGTGCAAGCGTTGTCCGGATTTATTGGGTTTAAAGGGTGCGTAGGTGGGACTTCAAGTCTGGTTTGAAAGCTGGTGGCTCAACCATCAGATGTGGCTGGAAACTGAGGTTCTTGAATGGCGTAGCGGTAGCCGGAATGGGTCATGTAGCGGTGAAATGCATAGATATGACCCGGAACTCCGATTGCGAAGGCAGGCTACTGGGCGCCGATTGACACTGAGGCACGAGAGCATGGGTAGCAAACAGG","Bacteria","Bacteroidota","Bacteroidia","Cytophagales","Spirosomaceae","Spirosoma",NA,"ASV_358","Spirosoma sp.","Spirosoma sp."
"CCCCCCCCCCCCCCCCCCCCCCCCCCCCCCCCCCCCCCCCCCCCCCCCCCCCTTTTTAATGATACGGCGACCACCGAGATCTACACTGACGACATGGTTCTACAGTGTCAGCAGCCGCGGTACTCGAGCCCCTCCACACCCTAACCCTAATTCCCACCACAAATCTCTTACGCTGCCAACCCCAGCGCCGCCTAAGGTTCCTCTGAAGCGCCTCACGTCGGAGGAGATGGCGGTACGTAAAGACCAAGTCTCTGCTACCGTAGCGTCTGAATATCTCGTATGCCGTCTTCTGCTTGAAAAGGGGGGGGGGGGGGGGGGGGGGGGGGGGGGGGGGGGGGGGGGGG","Bacteria","Cyanobacteria","Cyanobacteriia","Cyanobacteriales","Desertifilaceae","Oscillatoria",NA,"ASV_360","Oscillatoria sp.","Oscillatoria sp..21"
"TACGAAGGGGGCTAGCGTTGCTCGGAATCACTGGGCGTAAAGGGCGCGTAGGCGGCCGATTAAGTCGGGGGTGAAAGCCTGTGGCTCAACCACAGAATTGCCTTCGATACTGGTTGGCTTGAGACCGGAAGAGGTCAGCGGAACTGCGAGTGTAGAGGTGAAATTCGTAGATATTCGCAAGAACACCAGTGGCGAAGGCGGCTGTCTGGTCCGGTTCTGACGCTGAGGCGCGAAAGCGTGGGGAGCAAACAGG","Bacteria","Proteobacteria","Alphaproteobacteria","Rhizobiales","Beijerinckiaceae","Methylobacterium-Methylorubrum",NA,"ASV_361","Methylobacterium-Methylorubrum sp.","Methylobacterium-Methylorubrum sp..40"
"CCCCCCCCCCCCCCCCCCCCCCCCCCCCCCCCCCCCCCCCCCCCCCCCCCCCCTTTTTAATGATACGGCGACCACCGAGATCTACACTGACGACATGGTTCTACAGTGCCAGCCGCCGCGGTACTCGAGCCCCTCCACACCTAACCCTAATTCCCACCACAAATCTCTTACGCTGCCAACCCCAGCGCCGCCTAAGGTTCCTCTGAAGCGCCTCACGTCGGAGGAGATGGCGATACGTAGAGACCAAGTCTCTGCTACCGTACTAAGTCATGATCTCGTATGCCGTCTTCTGCTTGAAAATGGGGGGGGGGGGGGGGGGGGGGGGGGGGGGGGGGGGGGGGGGGG","Bacteria","Cyanobacteria","Cyanobacteriia","Cyanobacteriales","Desertifilaceae","Oscillatoria",NA,"ASV_362","Oscillatoria sp.","Oscillatoria sp..22"
"CCCCCCCCCCCCCCCCCCCCCCCCCCCCCCCCCCCCCCCCCCCCCCCCCCCCTTTTTAATGATACGGCGACCACCGAGATCTACACTGACGACATGGTTCTACAGTGCCAGCCGCCGCGGTACTCGAGCCCCTCCACACCCTAACCCTAATTCCCACCACAAATCTCTTACGCTGCCAACCCCAGCGCCGCCTAAGGTTCCTCTGAAGCGCCTCACGTCGGAGGAGATGGCGGTACGTAAAGACCAAGTCTCTGCTACCGTACTTAGTTCGCATCTCGTATGCCGTCTTCTGCTTGAAAAGTGGGGGGGGGGGGGGGGGGGGGGGGGGGGGGGGGGGGGGGGGG","Bacteria","Cyanobacteria","Cyanobacteriia","Cyanobacteriales","Desertifilaceae","Oscillatoria",NA,"ASV_363","Oscillatoria sp.","Oscillatoria sp..23"
"CCCCCCCCCCCCCCCCCCCCCCCCCCCCCCCCCCCCCCCCCCCCCCCCCCCCTTTTTAATGATACGGCGACCACCGAGATCTACACTGACGACATGGTTCTACAGTGTCAGCCGCCGCGGTACTCGAGCCCCTCCACACCCTAACCCTAATTCCCACCACAAATCTCTTACGCTGCCAACCCCAGCGCCGCCTAAGGTTCCTCTGAAGCGCCTCACGTCGGAGGAGATGGCGGTACGTAAAGACCAAGTCTCTGCTACCGTAGTAGAAGTGGATCTCGTATGCCGTCTTCTGCTTGAAATGTGGGGGGGGGGGGGGGGGGGGGGGGGGGGGGGGGGGGGGGGGG","Bacteria","Cyanobacteria","Cyanobacteriia","Cyanobacteriales","Desertifilaceae","Oscillatoria",NA,"ASV_364","Oscillatoria sp.","Oscillatoria sp..24"
"TACGAAGGGGGCTAGCGTTGCTCGGAATCACTGGGCGTAAAGGGCGCGTAGGCGGCGTTTTAAGTCGGGGGTGAAAGCCTGTGGCTCAACCACAGAATGGCCTTCGATACTGAGACGCTTGAGTATGGTAGAGGTTGGTGGAACTGCGAGTGTAGAGGTGAAATTCGTAGATATTCGCAAGAACACCGGTGGCGAAGGCGGCCAACTGGACCATTACTGACGCTGAGGCGCGAAAGCGTGGGGAGCAAACAGG","Bacteria","Proteobacteria","Alphaproteobacteria","Rhizobiales","Beijerinckiaceae","Methylobacterium-Methylorubrum",NA,"ASV_367","Methylobacterium-Methylorubrum sp.","Methylobacterium-Methylorubrum sp..41"
"TACGAAGGGGGCTAGCGTTGCTCGGAATCACTGGGCGTAAAGGGCGCGTAGGCGGCCGATTAAGTCGGGGGTGAAAGCCTGTGGCTCAACCACAGAATAGCCTTCGATACTGGTTGGCTTGAGACCGGAAGAGGACAGCGGAACTGCGAGTGTAGAGGTGAAATTCGTAGATATTCGCAAGAACACCAGTGGCGAAGGCGGCTGTCTGGTCCGGTTCTGACGCTGAGGCGCGAAAGCGTGGGGAGCAAACAGG","Bacteria","Proteobacteria","Alphaproteobacteria","Rhizobiales","Beijerinckiaceae","Methylobacterium-Methylorubrum",NA,"ASV_369","Methylobacterium-Methylorubrum sp.","Methylobacterium-Methylorubrum sp..42"
"TACGAAGGGGGCTAGCGTTGTTCGGAATTACTGGGCGTAAGGCGCACGTAGGCGGATATTTAAGTCAGGGGTGAAATCCCGGGGCTCAACCCCGGAACGGCCTTTGATACTGGACGTCTTGAGTCCGGAAGAGGTGAGTGGAATTGCGAGTGTAGAGGTGAAATTCGTAGATATTCGCAGGAACACCAGTGGCGAAGGCGGCTCACTGGTCCGGAACTGACGCTGAGGTGCGAAAGCGTGGGGAGCAAACAGG","Bacteria","Proteobacteria","Alphaproteobacteria","Rhizobiales","Rhizobiaceae","Aureimonas",NA,"ASV_371","Aureimonas sp.","Aureimonas sp..9"
"TACGTAGGGCGCAAGCGTTATCCGGAATTATTGGGCGTAAAGAGCTCGTAGGCGGTTTGTCGCGTCTGCTGTGAAATCCCGAGGCTCAACCTCGGGTCTGCAGTGGGTACGGGCAGACTAGAGTGCGGTAGGGGAGATTGGAATTCCTGGTGTAGCGGTGGAATGCGCAGATATCAGGAGGAACACCGATGGCGAAGGCAGATCTCTGGGCCGTAACTGACGCTGAGGAGCGAAAGGGTGGGGAGCAAACAGG","Bacteria","Actinobacteriota","Actinobacteria","Micrococcales","Microbacteriaceae","Microbacterium",NA,"ASV_372","Microbacterium sp.","Microbacterium sp..1"
"CCCCCCCCCCCCCCCCCCCCCCCCCCCCCCCCCCCCCCCCCCCCCCCCCCCCTTTTTAATGATACGGCGACCACCGAGATCTACACTGACGACATGGTTCTACAGTGTCAGCCGCCGCGGTACTCGAGCCCCTCCACACCCTAACCCTAATTCCCACCACAAATCTCTTACGCTGCCAACCCCAGCGCCGCCTAAGGTTCCTCTGAAGCGCCTCACGTCGGAGGAGATGGCGGTACGTAAAGACCAAGTCTCTGCTACCGTACGTCTTCTTAATCTCGTATGCCGTCTTCTGCTTGAAATGGGGGGGGGGGGGGGGGGGGGGGGGGGGGGGGGGGGGGGGGGGG","Bacteria","Cyanobacteria","Cyanobacteriia","Cyanobacteriales","Desertifilaceae","Oscillatoria",NA,"ASV_373","Oscillatoria sp.","Oscillatoria sp..25"
"TACGTAGGGTGCAAGCGTTAATCGGAATTACTGGGCGTAAAGCGTGCGCAGGCGGTGATGTAAGACAGATGTGAAATCCCCGGGCTCAACCTGGGAACTGCATTTGTGACTGCATCGCTGGAGTGCGGCAGAGGGGGATGGAATTCCGCGTGTAGCAGTGAAATGCGTAGATATGCGGAGGAACACCGATGGCGAAGGCAATCCCCTGGGCCTGCACTGACGCTCATGCACGAAAGCGTGGGGAGCAAACAGG","Bacteria","Proteobacteria","Gammaproteobacteria","Burkholderiales","Comamonadaceae","Ramlibacter",NA,"ASV_374","Ramlibacter sp.","Ramlibacter sp."
"TACGAAGGGGGCTAGCGTTGTTCGGAATTACTGGGCGTAAAGCGCACGTAGGCGGATATTTAAGTCAGGGGTGAAATCCCGGGGCTCAACCCCGGAACGGCCTTTGATACTGGATGGCTTGAGTCCGGAAGAGGTGAGTGGAATTGCGAGTGTAGAGGTGAAATTCGTAGATATTCGCAGGAACACCAGTGGCGAAGGCGGCTCACTGGTCCGGAACTGACGCTGAGGTGCGAAAGCGTGGGGAGCAAACAGG","Bacteria","Proteobacteria","Alphaproteobacteria","Rhizobiales","Rhizobiaceae","Aureimonas",NA,"ASV_375","Aureimonas sp.","Aureimonas sp..10"
"TACGAAGGGGGCTAGCGTTGCTCGGAATCACTGGGCGTAAAGGGCGCGTAGGCGGCCGATTAAGTCGGGGGTGAAAGCCTGTGGCTCAACCACAGAATTGCCTTCGATACTGGTTGGCTTGAGACCGGAAGAGGACAGCGGAACTGCGAGTGTAGAGGTGAAATTCGTAGATATTCGCAAGAACACCAGTGGCGAAGGCGGCTGTCTGGTCCGGTTCTGACGTTGAGGCGCGAAAGCGTGGGGAGCAAACAGG","Bacteria","Proteobacteria","Alphaproteobacteria","Rhizobiales","Beijerinckiaceae","Methylobacterium-Methylorubrum",NA,"ASV_376","Methylobacterium-Methylorubrum sp.","Methylobacterium-Methylorubrum sp..43"
"TACGAAGGGGGCTAGCGTTGTTCGGAATTACTGGGCGTAAAGCGCACGTAGGCGGACATTTAAGTCAGGGGTGAAATCCCGGGGCTCAACCCCGGAACGGCCCTTGATACTGGGTGTCTTGAGTTCGGAAGAGGTGAGTGGAATTGCGAGTGTAGAGGTGAAATTCGTAGATATTCGCAGGAACACCAGTGGCGAAGGCGGCTCACTGGTCCGATACTGACGCTGAGGTGCGAAAGCGTGGGGAGCAAACAGG","Bacteria","Proteobacteria","Alphaproteobacteria","Rhizobiales","Rhizobiaceae","Aureimonas",NA,"ASV_379","Aureimonas sp.","Aureimonas sp..11"
"CCCCCCCCCCCCCCCCCCCCCCCCCCCCCCCCCCCCCCCCCCCCCCCCCCCCCCTTTTTAATGATACGGCGACCACCGAGATCTACACTGACGACATGGTTCTACAGTGTCAGCCGCCGCGGTACTCGAGCCCCTCCACACCCTAACCCTAATTCCCACCACAAATCTCTTACGCTGCCAACCCCAGCGCCGCCTAAGGTTCCTCTGAAGCGCCTCACGTCGGAGGAGATGGCGGTACGTAAAGACCAAGTCTCTGCTACCGTAGCCATGTCATATCGCGTATGCCGTCTTCTGCTTGAAAAGGGGGGGGGGGGGGGGGGGGGGGGGGGGGGGGGGGGGGGGGGGG","Bacteria","Cyanobacteria","Cyanobacteriia","Cyanobacteriales","Desertifilaceae","Oscillatoria",NA,"ASV_381","Oscillatoria sp.","Oscillatoria sp..26"
"TACGGAGGGTGCGAGCGTTGTCCGGATTTATTGGGTTTAAAGGGTGCGTAGGCGGCCCGTTAAGTCCGGGGTGAAAGCCCGTTGCTCAACAACGGAACTGCCCTGGATACTGACGGGCTTGAGTACAGACGAGGTTGGCGGAATGGACTGAGTAGCGGTGAAATGCATAGATACAGTCCAGAACCCCGATTGCGAAGGCAGCTGACTAGGCTGTTACTGACGCTGAGGCACGACAGCGTGGGGAGCGAACAGG","Bacteria","Bacteroidota","Bacteroidia","Cytophagales","Hymenobacteraceae","Hymenobacter",NA,"ASV_382","Hymenobacter sp.","Hymenobacter sp..7"
"CCCCCCCCCCCCCCCCCCCCCCCCCCCCCCCCCCCCCCCCCCCCCCCCCCCCCCTTTTTAATGATACGGCGACCACCGAGATCTACACTGACGACATGGTTCTACAGTGCCAGCCGCCGCGGTACTCGAGCCCCTCCACACCCTAACCCTAATTCCCACCACAAATCTCTTACGCTGCCAACCCCAGCGCCGCCTAAGGTTCCTCTGAAGCGCCTCACGTCGGAGGAGATGGCGGTACGTAGACCAAGTCTCTGCTACCGTATGGAGCATGTATCTCGTATGCCGTCTTCTGCTTGAAAAGGGGGGGGGGGGGGGGGGGGGGGGGGGGGGGGGGGGGGGGGGGGGG","Bacteria","Cyanobacteria","Cyanobacteriia","Cyanobacteriales","Desertifilaceae","Oscillatoria",NA,"ASV_383","Oscillatoria sp.","Oscillatoria sp..27"
"CCCCCCCCCCCCCCCCCCCCCCCCCCCCCCCCCCCCCCCCCCCCCCCCCCCCTTTTTAATGATACGGCGACCACCGAGATCTACACTGACGACATGGTTCTACAGTGTCAGCCGCCGCGGTACTCGAGCCCCTCCACACCCTAACCCTAATTCCCACCACAAATCTCTTACGCTGCCAACCCCAGCGCCGCCTAAGGTTCCTCTGAAGCGCCTCACGTCGGAGGAGATGGCGGTACGTAAAGACCAAGTCTCTGCTACCGTATGACTAGCTTATCTCGTATGCCGTCTTCTGCTTGAAAAGGGGGGGGGGGGGGGGGGGGGGGGGGGGGGGGGGGGGGGGGGGG","Bacteria","Cyanobacteria","Cyanobacteriia","Cyanobacteriales","Desertifilaceae","Oscillatoria",NA,"ASV_384","Oscillatoria sp.","Oscillatoria sp..28"
"CCCCCCCCCCCCCCCCCCCCCCCCCCCCCCCCCCCCCCCCCCCCCCCCCCCCTTTTTAATGATACGGCGACCACCGAGATCTACACTGACGACATGGTTCTACAGTGTCAGCCGCCGCGGTACTCGAGCCCCTCCACACCCTAACCCTAATTCCCACCACAAATCTCTTACGCTGCCAACCCCAGCGCCGCCTAAGGTTCCTCTGAAGCGCCTCACGTCGGAGGAGATGGCGGTACGTAGACCAAGTCTCTGCTACCGTATTCTCATCGTATCTCGTATGCCGTCTTCTGCTTGAAAAGGGGGGGGGGGGGGGGGGGGGGGGGGGGGGGGGGGGGGGGGGGGGG","Bacteria","Cyanobacteria","Cyanobacteriia","Cyanobacteriales","Desertifilaceae","Oscillatoria",NA,"ASV_385","Oscillatoria sp.","Oscillatoria sp..29"
"TACGTAGGGTGCAAGCGTTGTCCGGAATTATTGGGCGTAAAGAGCTCGTAGGCGGTTTGTCGCGTCTGCTGTGAAGACGCGGGGCTCAACTCCGCGCCTGCAGTGGGTACGGGCAGACTAGAGTGCAGTAGGGGAGACTGGAATTCCTGGTGTAGCGGTGGAATGCGCAGATATCAGGAGGAACACCGGTGGCGAAGGCGGGTCTCTGGGCTGTAACTGACGCTGAGGAGCGAAAGCGTGGGTAGCGAACAGG","Bacteria","Actinobacteriota","Actinobacteria","Kineosporiales","Kineosporiaceae","Quadrisphaera",NA,"ASV_386","Quadrisphaera sp.","Quadrisphaera sp..3"
"TACGAAGGGGGCTAGCGTTGTTCGGAATTACTGGGCGTAAAGCGCACGTAGGCGGATCGATCAGTCAGGGGTGAAATCCCAGGGCTCAACCCTGGAACTGCCTTTGATACTGTCGATCTGGAGTATGGAAGAGGTGAGTGGAATTCCGAGTGTAGAGGTGAAATTCGTAGATATTCGGAGGAACACCAGTGGCGAAGGCGGCTCACTGGTCCATTACTGACGCTGAGGTGCGAAAGCGTGGGGAGCAAACAGG","Bacteria","Proteobacteria","Alphaproteobacteria","Rhizobiales","Rhizobiaceae","Allorhizobium-Neorhizobium-Pararhizobium-Rhizobium",NA,"ASV_389","Allorhizobium-Neorhizobium-Pararhizobium-Rhizobium sp.","Allorhizobium-Neorhizobium-Pararhizobium-Rhizobium sp."
"CCCCCCCCCCCCCCCCCCCCCCCCCCCCCCCCCCCCCCCCCCCCCCCCCCCCTTTTTAATGATACGGCGACCACCGAGATCTACACTGACGACATGGTTCTACAGTGTCAGCCGCCGCGGTACTCGAGCCCCTCCACACCCTAACCCTAATTCCCACCACAAATCTCTTACGCTGCCAACCCCAGCGCCGCCTAAGGTTCCTCTGAAGCGCCTCACGTCGGAGGAGATGGCGGTACGTAAAGACCAAGTCTCTGCTACCGTACATCTGGAGTATCTCGTATGCCGTCTTCTGCTTGAAAAGGGGGGGGGGGGGGGGGGGGGGGGGGGGGGGGGGGGGGGGGGGG","Bacteria","Cyanobacteria","Cyanobacteriia","Cyanobacteriales","Desertifilaceae","Oscillatoria",NA,"ASV_390","Oscillatoria sp.","Oscillatoria sp..30"
"TACGAAGGGGGCTAGCGTTGCTCGGAATCACTGGGCGTAAAGGGCGCGTAGGCGGCCGATTAAGTCGGGGGTGAAAGCCTGTGGCTCAACCACAGAATTGCCTTCGATACTGGGTGGCTTGAGACCGGAAGAGGACAGCGGAACTGCGAGTGTAGAGGTGAAATTCGTAGATATTCGCAAGAACACCAGTGGCGAAGGCGGCTGTCTGGTCCGGTTCTGACGCTGAGGCGCGAAAGCGTGGGGAGCAAACAGG","Bacteria","Proteobacteria","Alphaproteobacteria","Rhizobiales","Beijerinckiaceae","Methylobacterium-Methylorubrum",NA,"ASV_391","Methylobacterium-Methylorubrum sp.","Methylobacterium-Methylorubrum sp..44"
"TACGGAGGGTGCAAGCGTTAATCGGAATTACTGGGCGTAAAGCGCACGCAGGCGGTCTGTCAAGTCGGATGTGAAATCCCCGGGCTCAACCTGGGAACTGCATTCGAAACTGGCAGGCTAGAGTCTTGTAGAGGGGGGTAGAATTCCAGGTGTAGCGGTGAAATGCGTAGAGATCTGGAGGAATACCGGTGGCGAAGGCGGCCCCCTGGACAAAGACTGACGCTCAGGTGCGAAAGCGTGGGGAGCAAACAGG","Bacteria","Proteobacteria","Gammaproteobacteria","Enterobacterales","Enterobacteriaceae","Klebsiella",NA,"ASV_394","Klebsiella sp.","Klebsiella sp."
"TACGAAGGGGGCTAGCGTTGCTCGGAATCACTGGGCGTAAAGGGCGCGTAGGCGGCCGATTAAATCGGGGGTGAAAGCCTGTGGCTCAACCACAGAATTGCCTTCGATACTGGTTGGCTTGAGACCGGAAGAGGACAGCGGAACTGCGAGTGTAGAGGTGAAATTCGTAGATATTCGCAAGAACACCAGTGGCGAAGGCGGCTGTCTGGTCCGGCTCTGACGCTGAGGCGCGAAAGCGTGGGGAGCAAACAGG","Bacteria","Proteobacteria","Alphaproteobacteria","Rhizobiales","Beijerinckiaceae","Methylobacterium-Methylorubrum",NA,"ASV_395","Methylobacterium-Methylorubrum sp.","Methylobacterium-Methylorubrum sp..45"
"CCCCCCCCCCCCCCCCCCCCCCCCCCCCCCCCCCCCCCCCCCCCCCCCCCCCTTTTTAATGATACGGCGACCACCGAGATCTACACTGACGACATGGTTCTACAGTGTCAGCCGCCGCGGTACTCGAGCCCCTCCACACCCTAACCCTAATTCCCACCACAAATCTCTTACGCTGCCAACCCCAGCGCCGCCTAAGGTTCCTCTGAAGCGCCTCACGTCGGAGGAGATGGCGGTACGTAAAGACCAAGTCTCTGCTACCGTATAGCTTCACTATCGCGTATGCCGTCTTCTGCTTGAAAAGGGGGGGGGGGGGGGGGGGGGGGGGGGGGGGGGGGGGGGGGGGG","Bacteria","Cyanobacteria","Cyanobacteriia","Cyanobacteriales","Desertifilaceae","Oscillatoria",NA,"ASV_397","Oscillatoria sp.","Oscillatoria sp..31"
"TACGTAGGGTGCGAGCGTTGTCCGGAATTATTGGGCGTAAAGGGCTCGTAGGCGGTTTGTCGCGTCGGGAGTGAAAACGCCGTGCTTAACACGGCGCTTGCTTTCGATACGGGCAGACTAGAGGTATGCAGGGGAGAACGGAATTCCTGGTGTAGCGGTGAAATGCGCAGATATCAGGAGGAACACCGGTGGCGAAGGCGGTTCTCTGGGCATTACCTGACGCTGAGGAGCGAAAGTGTGGGGAGCGAACAGG","Bacteria","Actinobacteriota","Actinobacteria","Propionibacteriales","Nocardioidaceae","Nocardioides","alpinus","ASV_398","Nocardioides alpinus","Nocardioides alpinus"
"TACGAAGGGGGCTAGCGTTGCTCGGAATCACTGGGCGTAAAGGGCGCGTAGGCGGTCTTTTAAGTCGGGGGTGAAAGCCTGTGGCTCAACCACAGAATTGCCTTCGATACTGGGAGACTTGAGTTCGGAAGAGGTTGGTGGAACTGCGAGTGTAGAGGTGAAATTCGTAGATATTCGCAAGAACACCGGTGGCGAAGGCGGCCAACTGGTCCGACACTGACGCTGAGGCGCGAAAGCGTGGGGAGCAAACAGG","Bacteria","Proteobacteria","Alphaproteobacteria","Rhizobiales","Beijerinckiaceae","Methylobacterium-Methylorubrum",NA,"ASV_400","Methylobacterium-Methylorubrum sp.","Methylobacterium-Methylorubrum sp..46"
"CCCCCCCCCCCCCCCCCCCCCCCCCCCCCCCCCCCCCCCCCCCCCCCCCCCCTTTTTAATGATACGGCGACCACCGAGATCTACACTGACGACATGGTTCTACAGTGTCAGCAGCCGCGGTACTCGAGCCCCTCCACACCCTAACCCTAATTCCCACCACAAATCTCTTACGCTGCCAACCCCAGCGCCGCCTAAGGTTCCTCTGAAGCGCCTCACGTCGGAGGAGATGGCGGTACGTAAAGACCAAGTCTCTGCTACCGTATACTGCAGCGATCTCGTATGCCGTCTTCTGCTTGAAAAGGGGGGGGGGGGGGGGGGGGGGGGGGGGGGGGGGGGGGGGGGGG","Bacteria","Cyanobacteria","Cyanobacteriia","Cyanobacteriales","Desertifilaceae","Oscillatoria",NA,"ASV_402","Oscillatoria sp.","Oscillatoria sp..32"
"TACGGAGGGTGCATGCGTTAATCGGAATTACTGGGCGTAAAGCGCACGCAGGCGGTTTGTTAAGTCAGATGTGAAATCCCCGGGCTCAACCTGGGAACTGCATCTGATACTGGCAAGCTTGAGTCTCGTAGAGGGGGGTAGAATTCCAGGTGTAGCGGTGAAATGCGTAGAGATCTGGAGGAATACCGGTGGCGAAGGCGGCCCCCTGGACGAAGACTGACGCTCAGGTGCGAAAGCGTGGGGAGCAAACAGG","Bacteria","Proteobacteria","Gammaproteobacteria","Enterobacterales","Enterobacteriaceae","Escherichia-Shigella",NA,"ASV_404","Escherichia-Shigella sp.","Escherichia-Shigella sp..5"
"CCCCCCCCCCCCCCCCCCCCCCCCCCCCCCCCCCCCCCCCCCCCCCCCCCCCCCTTTTTAATGATACGGCGACCACCGAGATCTACACTGACGACATGGTTCTACAGTGCCAGCCGCCGCGGTACTCGAGCCCCTCCACACCCTAACCCTAATTCCCACCACAAATCTCTTACGCTGCCAACCCCAGCGCCGCCTAAGGTTCCTCTGAAGCGCCTCACGTCGGAGGAGATGGCGGTACGTAGACCAAGTCTCTGCTACCGTATACTAGGATCATCTCGTATGCCGTCTTCTGCTTGAAAGGGGGGGGGGGGGGGGGGGGGGGGGGGGGGGGGGGGGGGGGGGGGGG","Bacteria","Cyanobacteria","Cyanobacteriia","Cyanobacteriales","Desertifilaceae","Oscillatoria",NA,"ASV_405","Oscillatoria sp.","Oscillatoria sp..33"
"TACGGAGGGGGCTAGCGTTGTTCGGAATTACTGGGCGTAAAGCGCGCGTAGGCGGCTTTGTAAGTCAGAGGTGAAAGCCTGGAGCTCAACTCCAGAACTGCCTTTGAAACTACATCGCTAGAATCATGGAGAGGTTAGTGGAATTCCGAGTGTAGAGGTGAAATTCGTAGATATTCGGAAGAACACCAGTGGCGAAGGCGACTAACTGGACATGTATTGACGCTGAGGTGCGAAAGCGTGGGGAGCAAACAGG","Bacteria","Proteobacteria","Alphaproteobacteria","Sphingomonadales","Sphingomonadaceae","Sphingomonas",NA,"ASV_406","Sphingomonas sp.","Sphingomonas sp..11"
"GACGAGGGGTCCAAGCGTTGTTCGGAATTATTGGGCGTAAAGCGGGTGTAGGTGGCTCTTTAAGTCAGGAGTGAAAGCCCCAAGCTTAACTTGGGAAGTGCTTTTGATACTGGAGAGCTTGAATGTGGGAGAGGATCGTGGAATTCCAGGTGTAGTGGTGAAATACGTAGATATCTGGAGGAACACCGGTGGCGAAGGCGGCGATCTGGCCCAACATTGACACTGAGACCCGAAAGCGTGGGGATCAAACAGG","Bacteria","Bdellovibrionota","Bdellovibrionia","Bdellovibrionales","Bdellovibrionaceae","Bdellovibrio",NA,"ASV_411","Bdellovibrio sp.","Bdellovibrio sp..1"
"TACGAAGGGGGCTAGCGTTGCTCGGAATCACTGGGCGTAAAGGGCGCGTAGGCGGCTTTTTAAGTCGGGGGTGAAAGCCTGTGGCTCAACCACAGAATTGCCTTCGATACTGGAAAGCTTGAGACCGGAAGAGGACAGCGGAACTGCGAGTGTAGAGGTGAAATTCGTAGATATTCGCAAGAACACCAGTGGCGAAGGCGGCTGTCTGGTCCGGTTCTGACGCTGAGGCGCGAAAGCGTGGGGAGCAAACAGG","Bacteria","Proteobacteria","Alphaproteobacteria","Rhizobiales","Beijerinckiaceae","Methylobacterium-Methylorubrum",NA,"ASV_412","Methylobacterium-Methylorubrum sp.","Methylobacterium-Methylorubrum sp..47"
"TACGGAGGGTGCAAGCGTTAATCGGAATTACTGGGCGTAAAGCGCACGCAGGCGGTTTGTTAAGTCAGATGTGAAATCCCCGGGCTCAACCTGGGAACTGCATCTGATACTGGCAAGCTTGAGTCTCGTAGAGGGGGGTAGAATTCCAGGTGTAGCGGTGAAATGCGTAGAGATCTGGAGGAATACCGGTGGCGAAGGCGGCCCCCTGGACGAAGACTGACGCTCAGGTGCGGAAGCGTGGGGAGCAAACAGG","Bacteria","Proteobacteria","Gammaproteobacteria","Enterobacterales","Enterobacteriaceae","Escherichia-Shigella",NA,"ASV_413","Escherichia-Shigella sp.","Escherichia-Shigella sp..6"
"CCCCCCCCCCCCCCCCCCCCCCCCCCCCCCCCCCCCCCCCCCCCCCCCCCCCTTTTTAATGATACGGCGACCACCGAGATCTACACTGACGACATGGTTCTACAGTGCCAGCAGCCGCGGTACTCGAGCCCCTCCACACCCTAACCCTAATTCCCACCACAAATCTCTTACGCTGCCAACCCCAGCGCCGCCTAAGGTTCCTCTGAAGCGCCTCACGTCGGAGGAGATGGCGGTACGTAAAGACCAAGTCTCTGCTACCGTAGATAAGAAGGATCTCGTATGCCGTCTTCTGCTTGAAAAGGGGGGGGGGGGGGGGGGGGGGGGGGGGGGGGGGGGGGGGGGGG","Bacteria","Cyanobacteria","Cyanobacteriia","Cyanobacteriales","Desertifilaceae","Oscillatoria",NA,"ASV_415","Oscillatoria sp.","Oscillatoria sp..34"
"CCCCCCCCCCCCCCCCCCCCCCCCCCCCCCCCCCCCCCCCCCCCCCCCCCCCTTTTTAATGATACGGCGACCACCGAGATCTACACTGACGACATGGTTCTACAGTGTCAGCCGCCGCGGTACTCGAGCCCCTCCACACCCTAACCCTAATTCCCACCACAAATCTCTTACGCTGCCAACCCCAGCGCCGCCTAAGGTTCCTCTGAAGCGCCTCACGTCGGAGGAGATGGCGGTACGTAAAGACCAAGTCTCTGCTACCGTATACACAGTAGATCTCGTATGCCGTCTTCTGCTTGAAAAGTGGGGGGGGGGGGGGGGGGGGGGGGGGGGGGGGGGGGGGGGGG","Bacteria","Cyanobacteria","Cyanobacteriia","Cyanobacteriales","Desertifilaceae","Oscillatoria",NA,"ASV_416","Oscillatoria sp.","Oscillatoria sp..35"
"TACGGAGGGTGCAAGCGTTGTCCGGATTTATTGGGTTTAAAGGGTGCGTAGGCGGCCCGTTAAGTCCGGGGTGAAAGCCCACAGCTCAACTGTGGAGCTGCCCTGGATACTGACGGGCTTGAGTCCAGACGAGGTTGGCGGAATGGAGGCTGTAGCGGTGAAATGCATAGATAGCCTCCAGAACCCCGATTGCGAAGGCAGCTGACTAGGCTGGTACTGACGCTGAGGCACGAAAGCGTGGGGAGCGAACAGG","Bacteria","Bacteroidota","Bacteroidia","Cytophagales","Hymenobacteraceae","Hymenobacter",NA,"ASV_417","Hymenobacter sp.","Hymenobacter sp..8"
"TACGAAGGGGGCTAGCGTTGCTCGGAATCACTGGGCGTAAAGGGCGCGTAGGCGGCCGATTAAGTCGGGGGTGAAAGCCTGTGGCTCAACCACAGAATTGCCTTCAATACTGGTTGGCTTGAGACCGGAAGAGGACAGCGGAACTGCGAGTGTAGAGGTGAAATTCGTAGATATTCGCAAGAACACCAGTGGCGGAGGCGGCTGTCTGGTCCGGTTCTGACGCTGAGGCGCGAAAGCGTGGGGAGCAAACAGG","Bacteria","Proteobacteria","Alphaproteobacteria","Rhizobiales","Beijerinckiaceae","Methylobacterium-Methylorubrum",NA,"ASV_419","Methylobacterium-Methylorubrum sp.","Methylobacterium-Methylorubrum sp..48"
"TACGAAGGGGGCTAGCGTTGTTCGGAATTACTGGGCGTAAAGCGCACGTAGGCGGATACTTAAGTCAGGGGTGAAATCCCGAGGCTCAACCTCGGAACTGCCTTTGATACTGGGTATCTTGAGTCCGGAAGAGGTGAGTGGAATTCCGAGTGTAGAGGTGAAATTCGTAGATATTCGGAGGAACACCAGTGGCGAAGGCGGCTCACTGGTCCGGTACTGACGCTGAGGTGCGAAAGCGTGGGGAGCAAACAGG","Bacteria","Proteobacteria","Alphaproteobacteria","Rhizobiales","Rhizobiaceae","Mesorhizobium",NA,"ASV_423","Mesorhizobium sp.","Mesorhizobium sp."
"CCCCCCCCCCCCCCCCCCCCCCCCCCCCCCCCCCCCCCCCCCCCCCCCCCCCTTTTTAATGATACGGCGACCACCGAGATCTACACTGACGACATGGTTCTACAGTGCCAGCAGCCGCGGTACTCGAGCCCCTCCACACCCTAACCCTAATTCCCACCACAAATCTCTTACGCTGCCAACCCCAGCGCCGCCTAAGGTTCCTCTGAAGCGCCTCACGTCGGAGGAGATGGCGGTACGTAGACCAAGTCTCTGCTACCGTATCGAGGTACTATCTCGTATGCCGTCTTCTGCTTGAAAAGGGGGGGGGGGGGGGGGGGGGGGGGGGGGGGGGGGGGGGGGGGGGG","Bacteria","Cyanobacteria","Cyanobacteriia","Cyanobacteriales","Desertifilaceae","Oscillatoria",NA,"ASV_424","Oscillatoria sp.","Oscillatoria sp..36"
"TACGAAGGGGGCTAGCGTTGCTCGGAATTACTGGGCGTAAAGCGCACGTAGGCGGATTGTTAAGTCGGGGGTGAAATCCTGGAGCTCAACTCCAGAACTGCCTTCGAAACTGGCGATCTTGAGTCCGGGAGAGGTGAGTGGAACTGCGAGTGTAGAGGTGAAATTCGTAGATATTCGCAAGAACACCAGTGGCGAAGGCGGCTCACTGGCCCGGTACTGACGCTGAGGTGCGAAAGCGTGGGGAGCAAACAGG","Bacteria","Proteobacteria","Alphaproteobacteria","Rhizobiales","Xanthobacteraceae","Pseudolabrys",NA,"ASV_425","Pseudolabrys sp.","Pseudolabrys sp."
"TACGTAGGGTGCAAGCGTTAATCGGAATTACTGGGCGTAAAGCGTGCGCAGGCGGTCCGCTAAGACAGATGTGAAATCCCCGGGCTTAACCTGGGAACTGCATTTGTGACTGGCGGGCTAGAGTATGGCAGAGGGGGGTAGAATTCCACGTGTAGCAGTGAAATGCGTAGAGATGTGGAGGAATACCGATGGCGAAGGCAGCCCCCTGGGCCAATACTGACGCTCATGCACGAAAGCGTGGGGAGCAAACAGG","Bacteria","Proteobacteria","Gammaproteobacteria","Burkholderiales","Burkholderiaceae","Burkholderia-Caballeronia-Paraburkholderia",NA,"ASV_426","Burkholderia-Caballeronia-Paraburkholderia sp.","Burkholderia-Caballeronia-Paraburkholderia sp."
"TACGGAGGGAGCTAGCGTTGTTCGGAATTACTGGGCGTAAAGCGCACGTAGGCGGCTTTGTAAGTTAGAGGTGAAAGCCTGGAGCTCAACTCCAGAATTGCCTTTGATACTGCATGGCTTGAATCCAGGGGAGGTGAGTGGAATTCCGAGTGTAGAGGTGAAATTCGTAGATATTCGGAAGAACACCAGTGGCGAAGGCGGCTCACTGGACTGGTATTGACGCTGAGGTGCGAAAGCGTGGGGAGCTAACAGG","Bacteria","Proteobacteria","Alphaproteobacteria","Sphingomonadales","Sphingomonadaceae","Sphingomonas",NA,"ASV_427","Sphingomonas sp.","Sphingomonas sp..12"
"TACGGAGGGGGCTAGCGTTGTTCGGAATTACTGGGCGTAAAGCGCACGTAGGCGGCTTTGTAAGTTAGAGGTGAAAGCCTGGAGCTCAACTCCAGAACTGCCTTTAAGACTGCATCGCTTGAATCCAGGAGAGGTGAGTGGAATTCCGAGTGTAGAGGTGAGATTCGTAGATATTCGGAAGAACACCAGTGGCGAAGGCGGCTCACTGGACTGGTATTGACGCTGAGGTGCGAAAGCGTGGGGAGCAAACAGG","Bacteria","Proteobacteria","Alphaproteobacteria","Sphingomonadales","Sphingomonadaceae","Sphingomonas",NA,"ASV_428","Sphingomonas sp.","Sphingomonas sp..13"
"TACGAAGGGGGCTAGCGTTGTTCGGAATTACTGGGCGTAAAGCGCACGTAGGCGGACATTTAAGTCAGGGGTGAAATCCCGGGGCTCAACCCCGGAACTGCCTTTGATACTGGGTGTCTTGAGTCCGGAAGAGGTGAGTGGAATTGCGAGTGTAGAGGTGAAATTCGTAGATATTCGCAGGAACACCAGTGGCGAAGGCGGCTCACTGGTCCGGTACTGACGCTGAGGTGCGAGAGCGTGGGGAGCAAACAGG","Bacteria","Proteobacteria","Alphaproteobacteria","Rhizobiales","Rhizobiaceae","Aureimonas",NA,"ASV_430","Aureimonas sp.","Aureimonas sp..12"
"CCCCCCCCCCCCCCCCCCCCCCCCCCCCCCCCCCCCCCCCCCCCCCCCCCCCCCTTTTTAATGATACGGCGACCACCGAGATCTACACTGACGACATGGTTCTACAGTGCCAGCCGCCGCGGTACTCGAGCCCCTCCACACCCTAACCCTAATTCCCACCACAAATCTCTTACGCTGCCAACCCCAGCGCCGCCTAAGGTTCCTCTGAAGCGCCTCACGTCGGAGGAGATGGCGGTACGTAAAGACCAAGTCTCTGCTACCGTACACATACAGTATCGCGTATGCCGTCTTCTGCTTGAAAAGTGGGGGGGGGGGGGGGGGGGGGGGGGGGGGGGGGGGGGGGGGG","Bacteria","Cyanobacteria","Cyanobacteriia","Cyanobacteriales","Desertifilaceae","Oscillatoria",NA,"ASV_431","Oscillatoria sp.","Oscillatoria sp..37"
"TACGGAGGGGGCTAGCGTTGTTCGGAATTACTGGGCGTAAAGCGCACGTAGGCGGCTTTGTAAGTCAGGGGTGAAAGCCTGGAGCTCAACTCCAGAACTGCCTTTGAGACTGCATCGCTTGAATCCGGGAGAGGTAAGTGGAATTCCGAGTGTAGAGGTGAAATTCGTAGATATTCGGAAGAACACCAGTGGCGAAGGCGGCTTACTGGACCGGAATTGACGCTGAGGTGCGAAAGCGTGGGGAGCAAACAGG","Bacteria","Proteobacteria","Alphaproteobacteria","Sphingomonadales","Sphingomonadaceae","Sphingomonas","phyllosphaerae","ASV_435","Sphingomonas phyllosphaerae","Sphingomonas phyllosphaerae"
"CCCCCCCCCCCCCCCCCCCCCCCCCCCCCCCCCCCCCCCCCCCCCCCCCCCCTTTTTAATGAGACGGCGACCACCGAGATCTACACTGACGACATGGTTCTACAGTGCCAGCCGCCGCGGTACTCGAGCCCCTCCACACCCTAACCCTAATTCCCACCACAAATCTCTTACGCTGCCAACCCCAGCGCCGCCTAAGGTTCCTCTGAAGCGCCTCACGTCGGAGGAGATGGCGGTACGTAAAGACCAAGTCTCTGCTACCGTACAGGCTCAGTATCTCGTATGCCGTCTTCTGCTTGAAAAGGGGGGGGGGGGGGGGGGGGGGGGGGGGGGGGGGGGGGGGGGGG","Bacteria","Cyanobacteria","Cyanobacteriia","Cyanobacteriales","Desertifilaceae","Oscillatoria",NA,"ASV_436","Oscillatoria sp.","Oscillatoria sp..38"
"GACAGAGGATGCTAGCGTTATCCGGAATGATTGGGCGTAAAGCGTCTGTAGGTGGCTTTTTAAGTTCGCCGTCAAATCCCAGGGCTCAACCTGGGAACTGCATCTGATACTGGCAAGCTTGAGTCTCGTAGAGGGGGGTAGAATTCCAGGTGTAGCGGTGAAATGCGTAGAGATCTGGAGGAATACCGGTGGCGAAGGCGGCCCCCTGGACGAAGACTGACGCTCAGGTGCGAAAGCGTGGGGAGCAAACAGG","Bacteria","Proteobacteria","Gammaproteobacteria","Enterobacterales","Enterobacteriaceae","Aquamonas",NA,"ASV_439","Aquamonas sp.","Aquamonas sp."
"TACGGAGGGTGCAAGCGTTGTCCGGATTTATTGGGTTTAAAGGGTGCGTAGGTGGCTTGTTAAGTCCGGGGTGAAAGCCCACAGCTCAACTGTGGAACTGCCCTGGATACTGGCGAGCTTGAGTCCAGACGAGGTTGGCGGAATGGAAGCTGTAGCGGTGAAATGCATAGATAGCTTCCAGAACCCCGATTGCGTAGGCAGCTGACTAGGCTGGTACTGACACTGAGGCACGAAAGCGTGGGGAGCGAACAGG","Bacteria","Bacteroidota","Bacteroidia","Cytophagales","Hymenobacteraceae","Hymenobacter","norwichensis","ASV_440","Hymenobacter norwichensis","Hymenobacter norwichensis"
"TACGAAGGGGGCTAGCGTTGTTCGGAATTACTGGGCGTAAAGCGCACGTAGGCGGACATTTAAGTCAGGGGTGAAATCCCGGGGCTCAACCCCGGAACGGCCTTTGATACTGGGTGTCTTGAGTTCGGAAGAGGTGAGTGGAATTGCGAGTGTAGAGGTGAAATTCGTAGATATTCGCAGGAACACCAGTGGCGAAGGCGGCTCACTGGTCCAATACTGACGCTGAGGTGCGAAAGCGTGGGGAGCAAACAGG","Bacteria","Proteobacteria","Alphaproteobacteria","Rhizobiales","Rhizobiaceae","Aureimonas",NA,"ASV_441","Aureimonas sp.","Aureimonas sp..13"
"TACGAAGGGGGCTAGCGTTGCTCGGAATTACTGGGCGTAAAGGGAGCGTAGGCGGACATTTAAGTCAGGGGTGAAATCCCGGGGCTCAACCTCGGAATTGCCTTTGATACTGGGTGTCTTGAGTATGAGAGAGGTGTGTGGAACTCCGAGTGTAGAGGTGAAATTCGTAGATATTCGGAAGAACACCAGTGGCGAAGGCGACACACTGGCTCATTACTGACGCTGAGGCTCGAAAGCGTGGGGAGCAAACAGG","Bacteria","Proteobacteria","Alphaproteobacteria","Caulobacterales","Caulobacteraceae","Brevundimonas",NA,"ASV_444","Brevundimonas sp.","Brevundimonas sp."
"TACGGAGAGTGCAAGCGTTAATCGGAATTACTGGGCGTAAAGCGCACGCAGGCGGTTTGTTAAGTCAGATGTGAAATCCCCGGGCTCAACCTGGGAACTGCATCTGATACTGGCAAGCTTGAGTCTCGTAGAGGGGGGTAGAATTCCAGGTGTAGCGGTGAAATGCGTAGAGATCTGGAGGAATACCGGTGGCGAAGGCGGCCCCCTGGACGAAGACTGACGCTCAGGTGCGAAAGCGTGGGGAGCAAACAGG","Bacteria","Proteobacteria","Gammaproteobacteria","Enterobacterales","Enterobacteriaceae","Escherichia-Shigella",NA,"ASV_447","Escherichia-Shigella sp.","Escherichia-Shigella sp..7"
"CACGGAGGGTGCAAGCGTTGTCCGGATTTATTGGGTTTAAAGGGTGCGTAGGTGGCTTGTTAAGTCCGGGGTGAAAGCCCACAGCTCAACTGTGGAACTGCCCTGGATACTGGCGAGCTTGAGTCCAGACGAGGTTGGCGGAATGGAAGCTGTAGCGGTGAAATGCATAGATAGCTTCCAGAACCCCGATTGCGTAGGCAGCTGACTAGGCTGGTACTGACACTGAGGCACGAAAGCGTGGGGAGCGAACAGG","Bacteria","Bacteroidota","Bacteroidia","Cytophagales","Hymenobacteraceae","Hymenobacter",NA,"ASV_448","Hymenobacter sp.","Hymenobacter sp..9"
"TACGAAGGGGGCTAGCGTTGCTCGGAATCACTGGGCGTAAAGGGCGCGTGGGCGGCTGATTTAGTCGAGGGTGAAAGCCCGTGGCTCAACCACGGAATGGCCTTCGATACTGGTTGGCTTGAGACCGGAAGAGGACAGCGGAACTGCGAGTGTAGAGGTGAAATTCGTAGATATTCGCAAGAACACCAGTGGCGAAGGCGGCTGTCTGGTCCGGTTCTGACGCTGAGGCGCGAAAGCGTGGGGAGCAAACAGG","Bacteria","Proteobacteria","Alphaproteobacteria","Rhizobiales","Beijerinckiaceae","Methylobacterium-Methylorubrum",NA,"ASV_449","Methylobacterium-Methylorubrum sp.","Methylobacterium-Methylorubrum sp..49"
"TACGTAGGGCGCAAGCGTTGTCCGGAATTATTGGGCGTAAAGAGCTCGTAGGCGGTTTGTCGCGTCTGCTGTGAAATCCTCAGGCTCAACTTGGGGCGTGCAGTGGGTACGGGCAGACTAGAGTGCGGTAGGGGAGACTGGAATTCCTGGTGTAGCGGTGGAATGCGCAGATATCAGGAGGAACACCGATGGCGAAGGCAGGTCTCTGGGCCGTTACTGACGCTGAGGAGCGAAAGCATGGGGAGCGAACAGG","Bacteria","Actinobacteriota","Actinobacteria","Micrococcales","Beutenbergiaceae","Salana","multivorans","ASV_452","Salana multivorans","Salana multivorans"
"TACGAAGGGGGCTAGCGTTACTCGGAATTACTGGGCGTAAAGGGCGCGTAGGCGGCGCTCCAAGTTAGGCGTGAAAGTCCTGGGCTCAACCTGGGAACTGCGCTTAAGACTGGAGTGCTTGAGGATGGAAGAGGGTCGTGGAATTCCCAGTGTAGAGGTGAAATTCGTAGATATTGGGAAGAACACCGGTGGCGAAGGCGGCGACCTGGTCCATTACTGACGCTGAGGCGCGACAGCGTGGGGAGCAAACAGG","Bacteria","Proteobacteria","Alphaproteobacteria","Acetobacterales","Acetobacteraceae","Roseomonas",NA,"ASV_453","Roseomonas sp.","Roseomonas sp..2"
"TACGAAGGGGGCTAGCGTTGTTCGGAATTACTGGGCGTAAAGCGCACGTAGGCGGATATTTAAGTCAGGGGTGAAATCCCGGGGCTCAACCCCGGAACTGCCTTTGATACTGGGTATCTTGAGTGTGGTAGAGGTGAGTGGAATTGCGAGTATAGAGGTGAAATTCGTAGATATTCGCAGGAACACCAGTGGCGAAGGCGGCTCACTGGACCACAACTGACGCTGAGGTGCGAAAGCGTGGGGAGCAAACAGG","Bacteria","Proteobacteria","Alphaproteobacteria","Rhizobiales","Rhizobiaceae","Aurantimonas",NA,"ASV_455","Aurantimonas sp.","Aurantimonas sp..3"
"GACAGAGGATGCAAGCGTTATCCGGAATGATTGGGCGTAGAGAGCTCGTAGGCGGTTTGTCGCGTCGGCTGTGAAAGCCCGGAGCTCAACTCCGGGTCTGCAGTCGATACGGGCAGACTTGAGTGTTGCAGGGGAGACTGGAATTCCTGGTGTAGCGGTGAAATGCGCAGATATCAGGAGGAACACCGGTGGCGAAGGCGGGTCTCTGGGCAACAACTGACGCTGAGGAGCGAAAGCGTGGGGAGCGAACAGG","Bacteria","Actinobacteriota","Actinobacteria","Frankiales","Geodermatophilaceae","Klenkia",NA,"ASV_456","Klenkia sp.","Klenkia sp..1"
"GACGGAGGGTGCAAGCGTTAATCGGAATTACTGGGCGTAAAGGGCATGTAGGTGGTTTGTTAAGCCTTATGTGAAATACCTAGGCTTAACCTAGGAACTGGATAAGGAACTGACAAGCTAGAGTGCAGTAGAGGAAGGTAGAATTCCAGGTGTAGCGGTGAAATGCGTAGATATCTGGAGGAATACCAGTGGCGAAGGCGACCTTCTGGACTGACACTGACGCTGAGGTGCGAAAGCGTGGGGAGCAAACAGG","Bacteria","Proteobacteria","Gammaproteobacteria","Pseudomonadales","Halomonadaceae","Candidatus Portiera",NA,"ASV_457","Candidatus Portiera sp.","Candidatus Portiera sp."
"CCCCCCCCCCCCCCCCCCCCCCCCCCCCCCCCCCCCCCCCCCCCCCCCCCCCTTTTTAATGATACGGCGACCACCGAGATCTACACTGACGACATGGTTCTACAGTGTCAGCCGCCGCGGTACTCGAGCCCCTCCACACCCTAACCCTAATTCCCACCACAAATCTCTTACGCTGCCAACCCCAGCGCCGCCTAAGGTTCCTCTGAAGCGCCTCACGTCGGAGGAGATGGCGGTACGTAAAGACCAAGTCTCTGCTACCGTACGGTGTGTGTATCTCGTATGCCGTCTTCTGCTTGAAATGGGGGGGGGGGGGGGGGGGGGGGGGGGGGGGGGGGGGGGGGGGG","Bacteria","Cyanobacteria","Cyanobacteriia","Cyanobacteriales","Desertifilaceae","Oscillatoria",NA,"ASV_458","Oscillatoria sp.","Oscillatoria sp..39"
"TACGTAGGGTGCAAGCGTTGTCCGGAATTACTGGGCGTAAAGAGCTCGTAGGCGGTTTGTCGCGTCGTCTGTGAAAACCAGCAGCTCAACTGTTGGCTTGCAGGCGATACGGGCAGACTTGAGTATTTCAGGGGAGACTGGAATTCCTGGTGTAGCAGTGAAATGCGCAGATATCAGGAGGAACACCGGTGGCGAAGGCGGGTCTCTGGGAAATAACTGACGCTGAGGAGCGAAAGCGTGGGTAGCGAACAGG","Bacteria","Actinobacteriota","Actinobacteria","Corynebacteriales","Nocardiaceae","Rhodococcus",NA,"ASV_459","Rhodococcus sp.","Rhodococcus sp."
"GACGGGGGGGCAAGTGTTCTTCGGAATGACTGGGCGTAAAGGGCGCGTAGGCGGCCGATTAAGTCGGGGGTGAAAGCCTGTGGCTCAACCACAGAATTGCCTTCGATACTGGTTGGCTTGAGACCGGAAGAGGACAGCGGAACTGCGAGTGTAGAGGTGAAATTCGTAGATATTCGCAAGAACACCAGTGGCGAAGGCGGCCGTCTGGTCCGGTTCTGACGCTGAGGCGCGAAAGCGTGGGGAGCAAACAGG","Bacteria","Proteobacteria","Alphaproteobacteria","Rhizobiales","Beijerinckiaceae","Methylobacterium-Methylorubrum",NA,"ASV_460","Methylobacterium-Methylorubrum sp.","Methylobacterium-Methylorubrum sp..50"
"TACGGAGGGTGCAAGCGTTGTCCGGATTTATTGGGTTTAAAGGGTGCGTAGGTGGCCCTGCAAGTCCGTGGTGAAAGCCTGCTGCTCAACAGCAGAACTGCCATGGATACTACAGGGCTTGAGTCCAGACGAGGTTGGCGGAATGGATGGTGTAGCGGTGAAATGCATAGATACCATCCAGAACCCCGATTGCGTAGGCAGCTGACTAGGCTGGTACTGACACTGAGGCACGAAAGCGTGGGGAGCGAACAGG","Bacteria","Bacteroidota","Bacteroidia","Cytophagales","Hymenobacteraceae","Hymenobacter",NA,"ASV_462","Hymenobacter sp.","Hymenobacter sp..10"
"TACAGAGGGTGCAAGCGTTAATCGGAATTACTGGGCGTAAAGCGCGCGTAGGTGGTTTGTTAAGTTGAATGTGAAATCCCCGGGCTCAACCTGGGAACTGCATCCAAAACTGGCAAGCTAGAGTATGGTAGAGGGTGGTGGAATTTCCTGTGTAGCGGTGAAATGCATAGATATAGGAAGGAACACCAGTGGCGAAGGCGACCACCTGGACTGATACTGACACTGAGGTGCGAAAGCGTGGGGAGCAAACAGG","Bacteria","Proteobacteria","Gammaproteobacteria","Pseudomonadales","Pseudomonadaceae","Pseudomonas",NA,"ASV_464","Pseudomonas sp.","Pseudomonas sp..1"
"GACGGGGGGGGCTAGCGTTGCTCGGAATCACTGGGCGTAAAGGGCGCGTAGGCGGCCGATTAAGTCGGGGGTGAAAGCCTGTGGCTCAACCACAGAATTGCCTTCGATACTGGTTGGCTTGAGACCGGAAGAGGACAGCGGAACTGCGAGTGTAGAGGTGAAATTCGTAGATATTCGCAAGAACACCAACGGCGAAAGCACTCTGCTGGGCCGACACTGACACTGAGAGACGAAAGCTAGGGGAGCGAATGGG","Bacteria","Proteobacteria","Alphaproteobacteria","Rhizobiales","Beijerinckiaceae","Methylobacterium-Methylorubrum",NA,"ASV_466","Methylobacterium-Methylorubrum sp.","Methylobacterium-Methylorubrum sp..51"
"TACGGAGGGTGCAAGCGTTGTCCGGATTTATTGGGTTTAAAGGGTGCGTAGGCGGCTGATTAAGTCTGGGGTGAAAGCCCGTTGCTCAACAACGGAACTGCCCTGGAAACTGGTTGGCTTGAGTACAGACGAGGGTGGCGGAATGGATGCTGTAGCGGTGAAATGCATAGATAGCATCCAGAACCCCGATTGCGAAGGCAGCTGCCTAGACTGTAACTGACGCTGAGGCACGAAAGCGTGGGGAGCGAACAGG","Bacteria","Bacteroidota","Bacteroidia","Cytophagales","Hymenobacteraceae","Hymenobacter",NA,"ASV_467","Hymenobacter sp.","Hymenobacter sp..11"
"TACGAAGGGGGCTAGCGTTGTTCGGAATTACTGGGCGTAAAGCGCACGTAGGCGGATATTTAAGTCAGGGGTGAAATCCCGGGGCTCAACCCCGGAACTGCCTTTGATACTGGGTATCTTGAGTGTGGTAGAGGTGAGTGGAGTTGCGAGTGTAGAGGTGAAATTCGTAGATATTCGCAGGAACACCAGTGGCGAAGGCGGCTCACTGGACCACAACTGACGCTGAGGTGCGAAAGCGTGGGGAGCAAACAGG","Bacteria","Proteobacteria","Alphaproteobacteria","Rhizobiales","Rhizobiaceae","Aurantimonas",NA,"ASV_469","Aurantimonas sp.","Aurantimonas sp..4"
"TACGTAGGTGGCAAGCGTTATCCGGAATTATTGGGCGTAAAGCGCGCGCAGGCGGTTTCTTAAGTCTGATGTGAAAGCCCACGGCTCAACCGTGGAGGGTCATTGGAAACTGGGGAACTTGAGTGCAGAAGAGAAAAGCGGAATTCCACGTGTAGCGGTGAAATGCGTAGAGATGTGGAGGAACACCAGTGGCGAAGGCGGCTTTTTGGTCTGTAACTGACGCTGAGGCGCGAAAGCGTGGGGAGCAAACAGG","Bacteria","Firmicutes","Bacilli","Bacillales","Bacillaceae","Bacillus",NA,"ASV_470","Bacillus sp.","Bacillus sp."
"GACAGAGGATGCAAGCGTTAATCGGAATTACTGGGCGTAAAGGGCATGTAGGTGGTTTGTTAAGCCTTATGTGAAATACCTAGGCTTAACCTAGGAACTGGATAAGGAACTGACAAGCTAGAGTGCAGTAGAGGAAGGTAGAATTCCAGGCGTAGCGGTGAAATGCGTAGATATCTGGAGGAATACCAGTGGCGAAGGCGACCTTCTGGACTGACACTGACGCTGAGGTGCGAAAGCGTGGGGAGCAAACAGG","Bacteria","Proteobacteria","Gammaproteobacteria","Pseudomonadales","Halomonadaceae","Candidatus Portiera",NA,"ASV_471","Candidatus Portiera sp.","Candidatus Portiera sp..1"
"GACAGAGGGTGCAAGCGTTATCCGGAATGATTGGGCGTAAAGCGTCTGTAGGTGGCTTTTTAAGTTCGCCGTCAAATCCCAGGGCTCAACCTGGGAACTGCATCTGATACTGGCAAGCTTGAGTCTCGTAGAGGGGGGTAGAATTCCAGGTGTAGCGGTGAAATGCGTAGAGATCTGGAGGAATACCGGTGGCGAAGGCGGCCCCCTGGACGAAGACTGACGCTCAGGTGCGAAAGCGTGGGGAGCAAACAGG","Bacteria","Proteobacteria","Gammaproteobacteria","Enterobacterales","Enterobacteriaceae",NA,NA,"ASV_472","Enterobacteriaceae","Enterobacteriaceae.1"
"TACGGAGGGTGCAAGCGTTGTCCGGATTTATTGGGTTTAAAGGGTGCGTAGGTGGTTGTTTAAGTCTGATTTGAAAGCAGGCGGCTTAACCGTCTGATGTGGTTGGAAACTGAACAACTTGAATGGGTTGGCGGTAGCCGGAACGGGTCATGTAGCGGTGAAATGCATAGATATGACCCAGAACACCGATTGCGAAGGCAGGCTACTACGACTTGATTGACACTGAGGCACGAGAGCATGGGTAGCGAACAGG","Bacteria","Bacteroidota","Bacteroidia","Cytophagales","Spirosomaceae","Spirosoma","aerophilum","ASV_475","Spirosoma aerophilum","Spirosoma aerophilum"
"GACGGGGGGGGCAAGTGTTCTTCGGAATGACTGGGCGTAAAGGGCGCGTAGGCGGCCGATTAAGTCGGGGGTGAAAGCCTGTGGCTCAACCACAGAACTGCCTTCGATACTGGTTGGCTTGAGACCGGAAGAGGACAGCGGAACTGCGAGTGTAGAGGTGAAATTCGTAGATATTCGCAAGAACACCAGTGGCGAAGGCGGCTGTCTGGTCCGGTTCTGACGCTGAGGCGCGAAAGCGTGGGGAGCAAACAGG","Bacteria","Proteobacteria","Alphaproteobacteria","Rhizobiales","Beijerinckiaceae","Methylobacterium-Methylorubrum",NA,"ASV_476","Methylobacterium-Methylorubrum sp.","Methylobacterium-Methylorubrum sp..52"
"TACGTAGGGTGCAAGCGTTAATCGGAATTACTGGGCGTAAAGCGTGCGCAGGCGGTGATGTAAGACAGGTGTGAAATCCCCGGGCTTAACCTGGGAACTGCATTTGTGACTGCATCGCTGGAGTGCGGCAGAGGGGGATGGAATTCCGCGTGTAGCAGTGAAATGCGTAGATATGCGGAGGAACACCGATGGCGAAGGCAATCCCCTGGGCCTGCACTGACGCTCATGCACGAAAGCGTGGGGAGCAAACAGG","Bacteria","Proteobacteria","Gammaproteobacteria","Burkholderiales","Comamonadaceae","Ramlibacter",NA,"ASV_477","Ramlibacter sp.","Ramlibacter sp..1"
"TACGGAGGGGGCTAGCGTTGTTCGGAATTACTGGGCGTAAAGCGCACGTAGGCGGCTTTGTAAGTTAGAGGTGAAAGCCTGGAGCTCAACTCCAGAACTGCCTTTAAGACTGCATCGCTTGAATCTAGGAGAGGTGAGTGGAATTCCGAGTGTAGAGGTGAAATCCGCAGACCTACGAAGGAACGCCAAAAGCGAAGGCAGCTCTCTGGGTCCCTACCGACGCTGGAGTGCGAAAGCATGGGGAGCGAACGGG","Bacteria","Proteobacteria","Alphaproteobacteria","Sphingomonadales","Sphingomonadaceae",NA,NA,"ASV_479","Sphingomonadaceae","Sphingomonadaceae"
"TACGTAGGGTGCGAGCGTTGTCCGGAATTATTGGGCGTAAAGGGCTCGTAGGCGGTTTGTCGCGTCGGGAGTGAAAACCCAGGGCTTAACCCTGGGCTGGCTTCCGATACGGGCAGACTAGAGGTATGCAGGGGAGAACGGAATTCCTGGTGTAGCGGTGAAATGCGCAGATATCAGGAGGAACACCGGTGGCGAAGGCGGTTCTCTGGGCATTACCTGACGCTGAGGAGCGAAAGTGTGGGGAGCGAACAGG","Bacteria","Actinobacteriota","Actinobacteria","Propionibacteriales","Nocardioidaceae","Nocardioides",NA,"ASV_480","Nocardioides sp.","Nocardioides sp."
"ACTTCGTGCCAGCAGCCGCGGTAATACGAAGGGGGCTAGCGTTGCTCGGAATCACTGGGCGTAAAGGGCGCGTAGGCGGCCGATTAAGTCGGGGGTGAAAGCCTGTGGCTCAACCACAGAATTGCCTTCGATACTGGTTGGCTTGAGACCGGAAGAGGACAGCGGAACTGCGAGTGTAGAGGTGAAATTCGTAGATATTCGCAAGAACACCAGTGGCGAAGGCGGCTGTCTGGTCCGGTTCTGACGCTGAGGCGCGAAAGCGTGGGGAGCAAACAGG","Bacteria","Proteobacteria","Alphaproteobacteria","Rhizobiales","Beijerinckiaceae","Methylobacterium-Methylorubrum",NA,"ASV_482","Methylobacterium-Methylorubrum sp.","Methylobacterium-Methylorubrum sp..53"
"GACAGAGGATGCAAGCGTTATCCGGAATGATTGGGCGTAAAGCGTCTGTAGGTGGCTTTTTAAGTTCGCCGTCAAATCCCAGGGCTCAACCACAGAATTGCCTTCGATACTGGTTGGCTTGAGATCGGAAGAGGACAGCGGAACTGCGAGTGTAGAGGTGTAATTCGTAGATATTCGCAAGAACACCAGTGGCGAAGGCGGCTGTCTGGTCCGGTTCTGACGCTGAGGCGCGAAAGCGTGGGGAGCAAACAGG","Bacteria","Proteobacteria","Alphaproteobacteria","Rhizobiales","Beijerinckiaceae",NA,NA,"ASV_483","Beijerinckiaceae","Beijerinckiaceae"
"TACGAAGGGGGCTAGCGTTGCTCGGAATCACTGGGCGTAAAGGGCGCGTAGGCGGCCATTCAAGTCGGGGGTGAAAGCCTGGGGCTCAACCACAGAATTGCCTTCGATACTGTTTGGCTTGAGTTTGGTAGAGGTTGGTGGAACTGCGAGTGTAGAGGTGAAATGCGTAGAGATCGGAAAGAACACCAACGGCGAAAGCACTCTGCTGGGCCGACACTGACACTGAGAGACGAAAGCTAGGGGAGCGAATGGG","Bacteria","Proteobacteria","Alphaproteobacteria","Rhizobiales","Beijerinckiaceae",NA,NA,"ASV_490","Beijerinckiaceae","Beijerinckiaceae.1"
"TACGTAGGGTGCAAGCGTTGTCCGGAATTATTGGGCGTAAAGAGCTCGTAGGCGGTTTGTCGCGTCTGCTGTGAAAACGCGGGGCTCAACTCCGCGCCTGCAGTGGGTACGGGCAGACTAGAGTGCAGTAGGGGAGACTGGAATTCCTGGTGTAGCGGTGGAATGCGCAGAGATCGGAAAGAACACCAACGGCGAAAGCACTCTGCTGGGCCGACACTGACACTGAGAGACGAAAGCTAGGGGAGCGAATGGG","Bacteria","Actinobacteriota","Actinobacteria","Micrococcales","Ruaniaceae","Haloactinobacterium",NA,"ASV_491","Haloactinobacterium sp.","Haloactinobacterium sp."
"TACGGAGGGTGCGAGCGTTGTCCGGATTTATTGGGTTTAAAGGGTGCGTAGGCGGCCTTATAAGTCCGGGGTGAAAGCCCGCTGCTCAACAGCGGAACTGCCCTGGATACTGTGAGGCTTGAGTACAGACGAGGTTGGCGGAATGGACCGAGTAGCGGTGAAATGCATAGATACGGTCCAGAACCCCGATTGCGAAGGCAGCTGACTAGGCTGTTACTGACACTGAGAGACGAAAGCTAGGGGAGCGAATGGG","Bacteria","Bacteroidota","Bacteroidia","Cytophagales","Hymenobacteraceae","Hymenobacter",NA,"ASV_498","Hymenobacter sp.","Hymenobacter sp..12"
"TACGGAGGGTGCAAGCGTTAATCGGAATTACTGGGCGTAAAGCGCACGCAGGCGGTTTGTTAAGTCAGATGTGAAATCCCCGGGCTCAACCTGGGAACTGCATCTGATACTGGCAAGCTTGAGTCTCGTAGAGGGGGGTAGAATTCCAGGTGTAGCGGTGAAATGCGTAGCGATCGGAAAGAACACCAACGGCGAAAGCACTCTGCTGGGCCGACACTGACACTGAGAGACGAAAGCTAGGGGAGCGAATGGG","Bacteria","Proteobacteria","Gammaproteobacteria","Enterobacterales","Enterobacteriaceae","Aquamonas",NA,"ASV_501","Aquamonas sp.","Aquamonas sp..1"
"TACGTAGGGTGCAAGCGTTGTCCGGAATTATTGGGCGTAAAGAGCTCGTAGGCGGTTTGTCGCGTCGGCTGTGAAAGCCCGGAGCTCAACTCCGGGTCTGCAGTCGATACGGGCAGACTTGAGTGTTGCAGGGGAGACTGGAATTCCTGGTGTAGCGGTGAAATGCGCAGATATCAGGAGGAACACCGGTGGCGAAGGCGGGTCTCTGGGCAACAACTAACGCTGAGGAGCGAAAGCGTGGGGAGCGAACAGG","Bacteria","Actinobacteriota","Actinobacteria","Frankiales","Geodermatophilaceae","Klenkia",NA,"ASV_502","Klenkia sp.","Klenkia sp..2"
